query_id,condition,ndcg@1,ndcg@10,recall@10,mrr@100,recall@100
3,bm25__rule_resolved,1.0,0.6131471927654584,0.5,1.0,0.5
4,bm25__rule_resolved,1.0,1.0,1.0,1.0,1.0
11,bm25__rule_resolved,1.0,0.8854598815714874,1.0,1.0,1.0
17,bm25__rule_resolved,0.0,0.4911492931622974,1.0,0.3333333333333333,1.0
19,bm25__rule_resolved,0.0,0.0,0.0,0.0625,1.0
21,bm25__rule_resolved,0.0,0.5706417189553201,1.0,0.3333333333333333,1.0
22,bm25__rule_resolved,0.0,0.6309297535714575,1.0,0.5,1.0
30,bm25__rule_resolved,0.0,0.448643819352159,1.0,0.25,1.0
34,bm25__rule_resolved,0.0,0.38685280723454163,1.0,0.2,1.0
41,bm25__rule_resolved,0.0,0.0,0.0,0.013157894736842105,0.5
46,bm25__rule_resolved,0.0,0.0,0.0,0.0,0.0
53,bm25__rule_resolved,1.0,0.5151254397262444,0.5,1.0,1.0
55,bm25__rule_resolved,0.0,0.43067655807339306,1.0,0.25,1.0
58,bm25__rule_resolved,1.0,0.6366824387328317,0.5,1.0,1.0
60,bm25__rule_resolved,0.0,0.5,1.0,0.3333333333333333,1.0
76,bm25__rule_resolved,0.0,0.0,0.0,0.0625,1.0
78,bm25__rule_resolved,1.0,0.4371994911049732,0.4,1.0,1.0
79,bm25__rule_resolved,0.0,0.5017100640839688,0.6,0.5,0.9
95,bm25__rule_resolved,0.0,0.31546487678572877,1.0,0.125,1.0
98,bm25__rule_resolved,0.0,0.42495990177520937,1.0,0.125,1.0
108,bm25__rule_resolved,1.0,0.8020378746650064,0.7142857142857143,1.0,1.0
109,bm25__rule_resolved,0.0,0.0,0.0,0.02564102564102564,1.0
111,bm25__rule_resolved,0.0,0.6533933590057491,1.0,0.3333333333333333,1.0
121,bm25__rule_resolved,0.0,0.17630010660342912,0.2,0.3333333333333333,1.0
128,bm25__rule_resolved,0.0,0.0,0.0,0.041666666666666664,1.0
131,bm25__rule_resolved,0.0,0.2960819109658652,0.3333333333333333,0.5,1.0
149,bm25__rule_resolved,1.0,0.6257049680303419,0.6666666666666666,1.0,1.0
150,bm25__rule_resolved,0.0,0.43067655807339306,1.0,0.25,1.0
156,bm25__rule_resolved,0.0,0.08274602130532004,0.14285714285714285,0.1111111111111111,0.7142857142857143
161,bm25__rule_resolved,0.0,0.0,0.0,0.047619047619047616,1.0
163,bm25__rule_resolved,1.0,0.6508205185601091,0.6666666666666666,1.0,1.0
167,bm25__rule_resolved,0.0,0.2960819109658652,0.3333333333333333,0.5,1.0
169,bm25__rule_resolved,1.0,0.8772153153380493,1.0,1.0,1.0
170,bm25__rule_resolved,0.0,0.0,0.0,0.09090909090909091,0.8
172,bm25__rule_resolved,1.0,0.8503449055347546,1.0,1.0,1.0
176,bm25__rule_resolved,0.0,0.34635587439312543,0.6,0.2,1.0
178,bm25__rule_resolved,1.0,0.9674679834891693,1.0,1.0,1.0
203,bm25__rule_resolved,1.0,0.6310473491188938,0.75,1.0,1.0
204,bm25__rule_resolved,0.0,0.0,0.0,0.0,0.0
205,bm25__rule_resolved,1.0,0.6508205185601091,0.6666666666666666,1.0,1.0
211,bm25__rule_resolved,0.0,0.0,0.0,0.09090909090909091,1.0
218,bm25__rule_resolved,0.0,0.44149241373678083,0.5,0.5,0.5
220,bm25__rule_resolved,0.0,0.3562071871080222,1.0,0.16666666666666666,1.0
226,bm25__rule_resolved,1.0,0.6902609733149434,0.8,1.0,0.8
229,bm25__rule_resolved,0.0,0.0,0.0,0.01020408163265306,0.125
237,bm25__rule_resolved,0.0,0.0,0.0,0.0,0.0
254,bm25__rule_resolved,0.0,0.0,0.0,0.02564102564102564,0.6666666666666666
293,bm25__rule_resolved,1.0,0.6534974049045722,0.7142857142857143,1.0,1.0
297,bm25__rule_resolved,1.0,0.46927872602275644,0.3333333333333333,1.0,0.3333333333333333
298,bm25__rule_resolved,1.0,0.2350455494144854,0.1111111111111111,1.0,0.6666666666666666
309,bm25__rule_resolved,0.0,0.5680626480924535,0.7142857142857143,0.5,1.0
310,bm25__rule_resolved,0.0,0.5,1.0,0.3333333333333333,1.0
316,bm25__rule_resolved,1.0,0.559206739398752,0.6,1.0,1.0
319,bm25__rule_resolved,1.0,0.41462267409828074,0.3333333333333333,1.0,0.8888888888888888
320,bm25__rule_resolved,1.0,0.6105070906406178,0.5714285714285714,1.0,1.0
324,bm25__rule_resolved,1.0,0.559206739398752,0.6,1.0,1.0
346,bm25__rule_resolved,0.0,0.0,0.0,0.0,0.0
358,bm25__rule_resolved,0.0,0.0,0.0,0.037037037037037035,1.0
361,bm25__rule_resolved,0.0,0.0,0.0,0.058823529411764705,1.0
363,bm25__rule_resolved,0.0,0.0,0.0,0.03333333333333333,0.16666666666666666
364,bm25__rule_resolved,1.0,0.7751482523375256,0.6666666666666666,1.0,1.0
367,bm25__rule_resolved,0.0,0.16958010263680806,0.2,0.3333333333333333,0.6
369,bm25__rule_resolved,1.0,0.6131471927654584,0.5,1.0,0.5
389,bm25__rule_resolved,0.0,0.09109240322345807,0.16666666666666666,0.1111111111111111,1.0
405,bm25__rule_resolved,0.0,0.0,0.0,0.05263157894736842,1.0
409,bm25__rule_resolved,0.0,0.40298313359773236,1.0,0.16666666666666666,1.0
419,bm25__rule_resolved,0.0,0.13905617951077562,0.25,0.16666666666666666,1.0
423,bm25__rule_resolved,0.0,0.13012668333070054,0.25,0.14285714285714285,1.0
427,bm25__rule_resolved,1.0,0.4935232796777482,0.3333333333333333,1.0,0.6666666666666666
429,bm25__rule_resolved,1.0,0.5499887725471477,0.5,1.0,0.8333333333333334
450,bm25__rule_resolved,0.0,0.17723928678404774,0.5,0.1,1.0
455,bm25__rule_resolved,1.0,0.3903800499921017,0.25,1.0,0.75
466,bm25__rule_resolved,0.0,0.43067655807339306,1.0,0.25,1.0
467,bm25__rule_resolved,0.0,0.6309297535714575,1.0,0.5,1.0
478,bm25__rule_resolved,0.0,0.34663731355155314,0.4444444444444444,0.25,1.0
480,bm25__rule_resolved,0.0,0.0,0.0,0.07142857142857142,1.0
486,bm25__rule_resolved,0.0,0.26687965254220064,0.4,0.25,1.0
494,bm25__rule_resolved,1.0,0.3903800499921017,0.25,1.0,0.5
502,bm25__rule_resolved,0.0,0.20210734650054757,0.3333333333333333,0.25,1.0
506,bm25__rule_resolved,0.0,0.5702425402261267,1.0,0.3333333333333333,1.0
521,bm25__rule_resolved,0.0,0.0,0.0,0.0625,0.875
539,bm25__rule_resolved,1.0,0.6257049680303419,0.6666666666666666,1.0,1.0
555,bm25__rule_resolved,1.0,0.9361705073520016,1.0,1.0,1.0
558,bm25__rule_resolved,0.0,0.38685280723454163,1.0,0.2,1.0
559,bm25__rule_resolved,0.0,0.0,0.0,0.013157894736842105,1.0
567,bm25__rule_resolved,0.0,0.5,1.0,0.3333333333333333,1.0
568,bm25__rule_resolved,0.0,0.5437713091520254,1.0,0.3333333333333333,1.0
571,bm25__rule_resolved,1.0,1.0,1.0,1.0,1.0
575,bm25__rule_resolved,1.0,0.6595629128335778,0.75,1.0,1.0
577,bm25__rule_resolved,0.0,0.0,0.0,0.0625,1.0
611,bm25__rule_resolved,0.0,0.7328286204777911,1.0,0.5,1.0
613,bm25__rule_resolved,0.0,0.30361542945088893,0.5,0.2,1.0
614,bm25__rule_resolved,0.0,0.14126697285982898,0.3333333333333333,0.1111111111111111,0.6666666666666666
622,bm25__rule_resolved,0.0,0.18457569677956817,0.5,0.1111111111111111,1.0
628,bm25__rule_resolved,0.0,0.0,0.0,0.022222222222222223,1.0
633,bm25__rule_resolved,1.0,1.0,1.0,1.0,1.0
640,bm25__rule_resolved,0.0,0.0,0.0,0.07692307692307693,1.0
642,bm25__rule_resolved,0.0,0.0,0.0,0.0,0.0
652,bm25__rule_resolved,0.0,0.0,0.0,0.05263157894736842,1.0
659,bm25__rule_resolved,0.0,0.3156484524795145,0.4,0.3333333333333333,1.0
662,bm25__rule_resolved,1.0,1.0,1.0,1.0,1.0
672,bm25__rule_resolved,0.0,0.21840743681816419,0.5,0.16666666666666666,1.0
673,bm25__rule_resolved,0.0,0.0,0.0,0.0,0.0
675,bm25__rule_resolved,1.0,0.8503449055347546,1.0,1.0,1.0
676,bm25__rule_resolved,0.0,0.43067655807339306,1.0,0.25,1.0
679,bm25__rule_resolved,1.0,1.0,1.0,1.0,1.0
694,bm25__rule_resolved,0.0,0.09162544430476362,0.14285714285714285,0.14285714285714285,0.7142857142857143
698,bm25__rule_resolved,1.0,0.46927872602275644,0.3333333333333333,1.0,1.0
700,bm25__rule_resolved,0.0,0.0,0.0,0.07692307692307693,1.0
701,bm25__rule_resolved,0.0,0.38162168437253385,1.0,0.14285714285714285,1.0
706,bm25__rule_resolved,1.0,0.6131471927654584,0.5,1.0,0.5
708,bm25__rule_resolved,0.0,0.0,0.0,0.07692307692307693,1.0
709,bm25__rule_resolved,0.0,0.0,0.0,0.013513513513513514,1.0
712,bm25__rule_resolved,0.0,0.11706259313796355,0.16666666666666666,0.2,1.0
713,bm25__rule_resolved,0.0,0.0,0.0,0.09090909090909091,1.0
721,bm25__rule_resolved,0.0,0.123151194370365,0.25,0.125,0.5
724,bm25__rule_resolved,0.0,0.17723928678404774,0.5,0.1,1.0
730,bm25__rule_resolved,0.0,0.2960819109658652,0.3333333333333333,0.5,1.0
731,bm25__rule_resolved,1.0,1.0,1.0,1.0,1.0
734,bm25__rule_resolved,0.0,0.6309297535714575,1.0,0.5,1.0
736,bm25__rule_resolved,0.0,0.19519002499605084,0.25,0.3333333333333333,1.0
741,bm25__rule_resolved,1.0,1.0,1.0,1.0,1.0
746,bm25__rule_resolved,0.0,0.0,0.0,0.02631578947368421,1.0
751,bm25__rule_resolved,0.0,0.369453583111095,0.5,0.5,1.0
758,bm25__rule_resolved,0.0,0.2769189462922768,0.6666666666666666,0.1111111111111111,1.0
759,bm25__rule_resolved,0.0,0.0,0.0,0.02040816326530612,1.0
773,bm25__rule_resolved,1.0,0.6508205185601091,0.6666666666666666,1.0,1.0
776,bm25__rule_resolved,0.0,0.18457569677956817,0.5,0.1111111111111111,0.5
778,bm25__rule_resolved,0.0,0.18154179253735267,0.3333333333333333,0.2,1.0
779,bm25__rule_resolved,1.0,0.7039180890341347,0.6666666666666666,1.0,1.0
781,bm25__rule_resolved,1.0,0.8340595580073008,0.8571428571428571,1.0,1.0
782,bm25__rule_resolved,0.0,0.3562071871080222,1.0,0.16666666666666666,1.0
785,bm25__rule_resolved,1.0,0.6131471927654584,0.5,1.0,1.0
789,bm25__rule_resolved,0.0,0.0,0.0,0.058823529411764705,0.6666666666666666
808,bm25__rule_resolved,0.0,0.38268031849431083,0.6666666666666666,0.3333333333333333,1.0
816,bm25__rule_resolved,0.0,0.0,0.0,0.058823529411764705,1.0
821,bm25__rule_resolved,1.0,1.0,1.0,1.0,1.0
830,bm25__rule_resolved,1.0,0.7903864795495061,1.0,1.0,1.0
841,bm25__rule_resolved,0.0,0.0,0.0,0.030303030303030304,0.3333333333333333
845,bm25__rule_resolved,0.0,0.44293981265090565,0.5,0.5,1.0
849,bm25__rule_resolved,1.0,0.9197207891481876,1.0,1.0,1.0
859,bm25__rule_resolved,1.0,0.6257049680303419,0.6666666666666666,1.0,1.0
867,bm25__rule_resolved,1.0,0.3936948167222716,0.3333333333333333,1.0,1.0
868,bm25__rule_resolved,1.0,1.0,1.0,1.0,1.0
869,bm25__rule_resolved,0.0,0.3333333333333333,1.0,0.14285714285714285,1.0
879,bm25__rule_resolved,1.0,0.4380225361027965,0.375,1.0,0.375
881,bm25__rule_resolved,0.0,0.31546487678572877,1.0,0.125,1.0
894,bm25__rule_resolved,1.0,0.4595326231006953,0.4,1.0,0.9
896,bm25__rule_resolved,0.0,0.0,0.0,0.024390243902439025,1.0
899,bm25__rule_resolved,0.0,0.37385301336981025,0.5,0.5,0.8333333333333334
902,bm25__rule_resolved,0.0,0.2960819109658652,0.3333333333333333,0.5,1.0
904,bm25__rule_resolved,1.0,0.3794140541514857,0.25,1.0,1.0
905,bm25__rule_resolved,0.0,0.22906361076190906,0.2857142857142857,0.3333333333333333,1.0
909,bm25__rule_resolved,0.0,0.20438239758848611,0.5,0.14285714285714285,0.5
910,bm25__rule_resolved,0.0,0.5085097626218706,0.75,0.5,1.0
911,bm25__rule_resolved,0.0,0.5260721334578812,1.0,0.2,1.0
913,bm25__rule_resolved,0.0,0.19342640361727081,0.5,0.125,1.0
919,bm25__rule_resolved,1.0,0.43292617940918415,0.3333333333333333,1.0,1.0
935,bm25__rule_resolved,0.0,0.21078558563971428,0.25,0.3333333333333333,0.875
946,bm25__rule_resolved,1.0,0.86034433104172,1.0,1.0,1.0
955,bm25__rule_resolved,0.0,0.46845052016107697,1.0,0.25,1.0
966,bm25__rule_resolved,0.0,0.31546487678572877,1.0,0.125,1.0
971,bm25__rule_resolved,0.0,0.38685280723454163,0.5,0.5,0.5
984,bm25__rule_resolved,1.0,0.3026024134988135,0.16666666666666666,1.0,1.0
992,bm25__rule_resolved,1.0,1.0,1.0,1.0,1.0
993,bm25__rule_resolved,0.0,0.0,0.0,0.06666666666666667,1.0
1002,bm25__rule_resolved,0.0,0.0,0.0,0.02564102564102564,1.0
1006,bm25__rule_resolved,0.0,0.5307212739772434,0.6666666666666666,0.5,1.0
1024,bm25__rule_resolved,1.0,1.0,1.0,1.0,1.0
1031,bm25__rule_resolved,0.0,0.0,0.0,0.047619047619047616,0.8888888888888888
1032,bm25__rule_resolved,1.0,0.9060254355346823,1.0,1.0,1.0
1035,bm25__rule_resolved,0.0,0.0,0.0,0.0,0.0
1038,bm25__rule_resolved,1.0,0.46927872602275644,0.3333333333333333,1.0,1.0
1041,bm25__rule_resolved,1.0,1.0,1.0,1.0,1.0
1051,bm25__rule_resolved,0.0,0.0,0.0,0.038461538461538464,1.0
1053,bm25__rule_resolved,1.0,0.6131471927654584,0.5,1.0,1.0
1057,bm25__rule_resolved,0.0,0.0,0.0,0.07142857142857142,1.0
1064,bm25__rule_resolved,1.0,1.0,1.0,1.0,1.0
1065,bm25__rule_resolved,0.0,0.6309297535714575,1.0,0.5,1.0
1069,bm25__rule_resolved,1.0,0.3391602052736161,0.2,1.0,0.8
1076,bm25__rule_resolved,1.0,0.4412576003965278,0.4,1.0,0.6
1082,bm25__rule_resolved,0.0,0.0,0.0,0.02564102564102564,1.0
1084,bm25__rule_resolved,0.0,0.0,0.0,0.05555555555555555,1.0
1088,bm25__rule_resolved,0.0,0.3975796519395046,0.42857142857142855,0.5,0.7142857142857143
1091,bm25__rule_resolved,0.0,0.5,1.0,0.3333333333333333,1.0
1112,bm25__rule_resolved,0.0,0.6309297535714575,1.0,0.5,1.0
1116,bm25__rule_resolved,1.0,1.0,1.0,1.0,1.0
1117,bm25__rule_resolved,0.0,0.0,0.0,0.05263157894736842,1.0
1124,bm25__rule_resolved,0.0,0.29127873064148246,0.5,0.25,1.0
1128,bm25__rule_resolved,1.0,0.5855700749881525,0.5,1.0,1.0
1130,bm25__rule_resolved,1.0,0.46927872602275644,0.3333333333333333,1.0,1.0
1133,bm25__rule_resolved,0.0,0.38356636737133565,0.4,0.5,1.0
1141,bm25__rule_resolved,1.0,0.3843113526044082,0.3,1.0,0.8
1144,bm25__rule_resolved,0.0,0.0,0.0,0.09090909090909091,1.0
1145,bm25__rule_resolved,0.0,0.12647135138382856,0.125,0.3333333333333333,0.25
1158,bm25__rule_resolved,0.0,0.3333333333333333,1.0,0.14285714285714285,1.0
1161,bm25__rule_resolved,1.0,0.501350803530839,0.4444444444444444,1.0,1.0
1167,bm25__rule_resolved,0.0,0.3010299956639812,1.0,0.1111111111111111,1.0
1168,bm25__rule_resolved,0.0,0.23719771276929622,0.5,0.2,1.0
1172,bm25__rule_resolved,0.0,0.5,1.0,0.3333333333333333,1.0
1198,bm25__rule_resolved,0.0,0.0,0.0,0.0625,1.0
1202,bm25__rule_resolved,0.0,0.20438239758848611,0.5,0.14285714285714285,1.0
1203,bm25__rule_resolved,0.0,0.4911492931622974,1.0,0.3333333333333333,1.0
1204,bm25__rule_resolved,0.0,0.43067655807339306,1.0,0.25,1.0
1210,bm25__rule_resolved,1.0,0.6713860725233041,0.6666666666666666,1.0,0.6666666666666666
1223,bm25__rule_resolved,0.0,0.4954588824701808,0.5,0.5,1.0
1227,bm25__rule_resolved,1.0,0.8756458727267334,1.0,1.0,1.0
1232,bm25__rule_resolved,0.0,0.6309297535714575,1.0,0.5,1.0
1234,bm25__rule_resolved,1.0,0.5026317885449212,0.375,1.0,0.875
1236,bm25__rule_resolved,1.0,0.7653606369886217,0.6666666666666666,1.0,1.0
1239,bm25__rule_resolved,1.0,0.576323354912681,0.38461538461538464,1.0,1.0
1242,bm25__rule_resolved,1.0,0.46927872602275644,0.3333333333333333,1.0,0.3333333333333333
1244,bm25__rule_resolved,0.0,0.0,0.0,0.0625,1.0
1251,bm25__rule_resolved,0.0,0.2640681225725909,0.5,0.25,1.0
1252,bm25__rule_resolved,1.0,0.5585075862632192,0.5,1.0,1.0
1259,bm25__rule_resolved,1.0,0.46927872602275644,0.3333333333333333,1.0,1.0
1265,bm25__rule_resolved,0.0,0.41618115554873086,0.6666666666666666,0.3333333333333333,1.0
1266,bm25__rule_resolved,0.0,0.06943122193677727,0.1,0.125,0.7
1271,bm25__rule_resolved,0.0,0.09803928583135704,0.2,0.1,1.0
1272,bm25__rule_resolved,1.0,0.6366824387328317,0.5,1.0,0.75
1274,bm25__rule_resolved,1.0,0.6713860725233041,0.6666666666666666,1.0,1.0
1278,bm25__rule_resolved,0.0,0.448643819352159,1.0,0.25,1.0
1287,bm25__rule_resolved,0.0,0.4179735690338378,0.5555555555555556,0.25,1.0
1294,bm25__rule_resolved,0.0,0.553486104522623,0.75,0.5,1.0
1296,bm25__rule_resolved,0.0,0.12647135138382856,0.125,0.3333333333333333,0.375
1310,bm25__rule_resolved,0.0,0.0,0.0,0.06666666666666667,1.0
1322,bm25__rule_resolved,0.0,0.10633668103022986,0.14285714285714285,0.2,0.42857142857142855
1324,bm25__rule_resolved,0.0,0.0,0.0,0.05555555555555555,1.0
1327,bm25__rule_resolved,1.0,1.0,1.0,1.0,1.0
1328,bm25__rule_resolved,0.0,0.1909208661789347,0.16666666666666666,0.5,1.0
1335,bm25__rule_resolved,0.0,0.5109559939712153,1.0,0.3333333333333333,1.0
1340,bm25__rule_resolved,1.0,0.2863459897524692,0.2,1.0,0.7
1342,bm25__rule_resolved,1.0,0.6552438651310554,0.6,1.0,1.0
1352,bm25__rule_resolved,0.0,0.0,0.0,0.07142857142857142,1.0
1367,bm25__rule_resolved,0.0,0.0,0.0,0.09090909090909091,1.0
1374,bm25__rule_resolved,0.0,0.12647135138382856,0.125,0.3333333333333333,0.625
1380,bm25__rule_resolved,1.0,0.7653606369886217,0.6666666666666666,1.0,0.6666666666666666
1381,bm25__rule_resolved,1.0,0.8083971988674071,0.75,1.0,1.0
1396,bm25__rule_resolved,1.0,1.0,1.0,1.0,1.0
1401,bm25__rule_resolved,1.0,1.0,1.0,1.0,1.0
1402,bm25__rule_resolved,1.0,0.8772153153380493,1.0,1.0,1.0
1403,bm25__rule_resolved,0.0,0.43067655807339306,1.0,0.25,1.0
1404,bm25__rule_resolved,1.0,0.8435378753444459,0.8,1.0,1.0
1407,bm25__rule_resolved,0.0,0.0,0.0,0.0,0.0
1410,bm25__rule_resolved,0.0,0.38685280723454163,0.5,0.5,1.0
1411,bm25__rule_resolved,1.0,1.0,1.0,1.0,1.0
1412,bm25__rule_resolved,0.0,0.18216582889104613,0.25,0.2,0.5
1414,bm25__rule_resolved,0.0,0.38685280723454163,0.5,0.5,1.0
1419,bm25__rule_resolved,0.0,0.0,0.0,0.011627906976744186,1.0
1420,bm25__rule_resolved,0.0,0.0,0.0,0.0,0.0
1443,bm25__rule_resolved,1.0,0.8854598815714874,1.0,1.0,1.0
1450,bm25__rule_resolved,1.0,1.0,1.0,1.0,1.0
1455,bm25__rule_resolved,0.0,0.0,0.0,0.01694915254237288,1.0
1468,bm25__rule_resolved,1.0,0.8175295903539445,1.0,1.0,1.0
1472,bm25__rule_resolved,0.0,0.17723928678404774,0.5,0.1,0.5
1477,bm25__rule_resolved,1.0,1.0,1.0,1.0,1.0
1478,bm25__rule_resolved,1.0,0.45390362024822023,0.3333333333333333,1.0,1.0
1493,bm25__rule_resolved,0.0,0.38685280723454163,0.5,0.5,0.5
1496,bm25__rule_resolved,1.0,0.6715263515506075,0.75,1.0,1.0
1499,bm25__rule_resolved,1.0,0.8048099750039491,0.75,1.0,0.75
1505,bm25__rule_resolved,0.0,0.0,0.0,0.0,0.0
1513,bm25__rule_resolved,0.0,0.39780880120575696,1.0,0.14285714285714285,1.0
1517,bm25__rule_resolved,1.0,0.5666867828578933,0.42857142857142855,1.0,1.0
1519,bm25__rule_resolved,1.0,0.46927872602275644,0.3333333333333333,1.0,1.0
1534,bm25__rule_resolved,1.0,0.7526136409516658,0.6666666666666666,1.0,1.0
1545,bm25__rule_resolved,0.0,0.14829723057014912,0.1111111111111111,0.5,1.0
1554,bm25__rule_resolved,1.0,0.6131471927654584,0.5,1.0,0.5
1559,bm25__rule_resolved,0.0,0.0,0.0,0.011627906976744186,1.0
1561,bm25__rule_resolved,1.0,0.7562251525126247,0.7142857142857143,1.0,1.0
1568,bm25__rule_resolved,0.0,0.2542087814707016,0.375,0.16666666666666666,0.75
1570,bm25__rule_resolved,1.0,0.2350455494144854,0.1111111111111111,1.0,0.6666666666666666
1571,bm25__rule_resolved,0.0,0.38685280723454163,0.5,0.5,1.0
1574,bm25__rule_resolved,0.0,0.2765732350040718,0.4,0.3333333333333333,1.0
1594,bm25__rule_resolved,1.0,0.46927872602275644,0.3333333333333333,1.0,1.0
1600,bm25__rule_resolved,0.0,0.5109559939712153,1.0,0.3333333333333333,1.0
1605,bm25__rule_resolved,0.0,0.13032376591037065,0.16666666666666666,0.25,1.0
1606,bm25__rule_resolved,0.0,0.18457569677956817,0.5,0.1111111111111111,1.0
1607,bm25__rule_resolved,0.0,0.6112833214150002,1.0,0.5,1.0
1612,bm25__rule_resolved,0.0,0.0,0.0,0.05263157894736842,0.8
1619,bm25__rule_resolved,0.0,0.3333333333333333,1.0,0.14285714285714285,1.0
1622,bm25__rule_resolved,1.0,1.0,1.0,1.0,1.0
1625,bm25__rule_resolved,0.0,0.0,0.0,0.06666666666666667,1.0
1626,bm25__rule_resolved,0.0,0.0,0.0,0.08333333333333333,1.0
1633,bm25__rule_resolved,0.0,0.0,0.0,0.030303030303030304,1.0
1636,bm25__rule_resolved,0.0,0.2673727751494076,0.42857142857142855,0.16666666666666666,0.8571428571428571
1648,bm25__rule_resolved,0.0,0.23922526118912799,0.2222222222222222,0.5,0.5555555555555556
1649,bm25__rule_resolved,0.0,0.48649183542828267,0.45454545454545453,0.5,1.0
1661,bm25__rule_resolved,1.0,0.6131471927654584,0.5,1.0,0.5
1663,bm25__rule_resolved,1.0,0.3833427799846345,0.2222222222222222,1.0,1.0
1680,bm25__rule_resolved,0.0,0.16812753627111746,0.25,0.25,0.75
1683,bm25__rule_resolved,0.0,0.20210734650054757,0.3333333333333333,0.25,1.0
1690,bm25__rule_resolved,1.0,0.49177157880420375,0.42857142857142855,1.0,1.0
1693,bm25__rule_resolved,0.0,0.09791292534996782,0.14285714285714285,0.16666666666666666,0.42857142857142855
1697,bm25__rule_resolved,1.0,0.3391602052736161,0.2,1.0,0.8
1710,bm25__rule_resolved,0.0,0.23463936301137822,0.3333333333333333,0.3333333333333333,1.0
1713,bm25__rule_resolved,1.0,0.5645441593704201,0.45454545454545453,1.0,0.9090909090909091
1718,bm25__rule_resolved,1.0,0.46927872602275644,0.3333333333333333,1.0,1.0
1719,bm25__rule_resolved,1.0,0.4935232796777482,0.3333333333333333,1.0,0.5
1725,bm25__rule_resolved,0.0,0.0,0.0,0.05555555555555555,1.0
1731,bm25__rule_resolved,0.0,0.43067655807339306,1.0,0.25,1.0
1747,bm25__rule_resolved,0.0,0.38685280723454163,1.0,0.2,1.0
1750,bm25__rule_resolved,1.0,0.7653606369886217,0.6666666666666666,1.0,1.0
1752,bm25__rule_resolved,1.0,0.7039180890341347,0.6666666666666666,1.0,1.0
1764,bm25__rule_resolved,1.0,0.8503449055347546,1.0,1.0,1.0
1765,bm25__rule_resolved,0.0,0.0,0.0,0.06666666666666667,1.0
1769,bm25__rule_resolved,1.0,0.6808542811397537,0.7142857142857143,1.0,1.0
1770,bm25__rule_resolved,0.0,0.0,0.0,0.0,0.0
1771,bm25__rule_resolved,0.0,0.0,0.0,0.0,0.0
1781,bm25__rule_resolved,1.0,1.0,1.0,1.0,1.0
1793,bm25__rule_resolved,0.0,0.13565197343244778,0.3333333333333333,0.1,0.6666666666666666
1795,bm25__rule_resolved,1.0,0.6131471927654584,0.5,1.0,1.0
1806,bm25__rule_resolved,0.0,0.38685280723454163,1.0,0.2,1.0
1810,bm25__rule_resolved,0.0,0.3333333333333333,1.0,0.14285714285714285,1.0
1819,bm25__rule_resolved,0.0,0.6309297535714575,1.0,0.5,1.0
1835,bm25__rule_resolved,1.0,0.6366824387328317,0.5,1.0,1.0
1837,bm25__rule_resolved,1.0,1.0,1.0,1.0,1.0
1839,bm25__rule_resolved,0.0,0.42177340954886444,1.0,0.2,1.0
1846,bm25__rule_resolved,1.0,0.75369761125927,0.75,1.0,1.0
1853,bm25__rule_resolved,1.0,0.5087403079104241,0.4,1.0,1.0
1854,bm25__rule_resolved,0.0,0.44130740935663865,1.0,0.25,1.0
1857,bm25__rule_resolved,1.0,0.5585075862632192,0.5,1.0,1.0
1858,bm25__rule_resolved,1.0,0.6257049680303419,0.6666666666666666,1.0,1.0
1862,bm25__rule_resolved,0.0,0.0,0.0,0.058823529411764705,1.0
1874,bm25__rule_resolved,1.0,0.46927872602275644,0.3333333333333333,1.0,0.3333333333333333
1905,bm25__rule_resolved,0.0,0.21840743681816419,0.5,0.16666666666666666,1.0
1909,bm25__rule_resolved,0.0,0.3065735963827292,0.5,0.3333333333333333,1.0
1910,bm25__rule_resolved,1.0,0.6845988903314878,0.7142857142857143,1.0,1.0
1911,bm25__rule_resolved,0.0,0.06362078819895171,0.1,0.1,0.7
1912,bm25__rule_resolved,1.0,0.6919145082827403,0.625,1.0,1.0
1913,bm25__rule_resolved,1.0,1.0,1.0,1.0,1.0
1928,bm25__rule_resolved,0.0,0.38685280723454163,0.5,0.5,1.0
1935,bm25__rule_resolved,1.0,0.8318724637288826,0.75,1.0,1.0
1936,bm25__rule_resolved,1.0,0.46927872602275644,0.3333333333333333,1.0,1.0
1952,bm25__rule_resolved,0.0,0.2640681225725909,0.5,0.25,1.0
1954,bm25__rule_resolved,0.0,0.3562071871080222,1.0,0.16666666666666666,1.0
1956,bm25__rule_resolved,0.0,0.38364913903790027,0.6666666666666666,0.25,1.0
1966,bm25__rule_resolved,1.0,0.6488081217425109,0.625,1.0,1.0
1974,bm25__rule_resolved,0.0,0.20210734650054757,0.3333333333333333,0.25,1.0
1978,bm25__rule_resolved,0.0,0.555143490218223,1.0,0.25,1.0
1982,bm25__rule_resolved,0.0,0.0,0.0,0.025,1.0
1984,bm25__rule_resolved,1.0,0.6548086577531307,0.6,1.0,1.0
1986,bm25__rule_resolved,1.0,1.0,1.0,1.0,1.0
1994,bm25__rule_resolved,0.0,0.20210734650054757,0.3333333333333333,0.25,0.6666666666666666
1998,bm25__rule_resolved,1.0,0.8315546295836225,1.0,1.0,1.0
2001,bm25__rule_resolved,0.0,0.1208113026994942,0.2,0.16666666666666666,1.0
2010,bm25__rule_resolved,1.0,0.7777061538487877,1.0,1.0,1.0
2027,bm25__rule_resolved,0.0,0.2960819109658652,0.3333333333333333,0.5,1.0
2035,bm25__rule_resolved,0.0,0.1089364926177559,0.125,0.25,0.625
2039,bm25__rule_resolved,0.0,0.17342765698823948,0.14285714285714285,0.5,0.7142857142857143
2049,bm25__rule_resolved,1.0,0.3026024134988135,0.16666666666666666,1.0,0.6666666666666666
2054,bm25__rule_resolved,1.0,0.6469523342593044,0.75,1.0,1.0
2059,bm25__rule_resolved,1.0,0.9709286432396581,1.0,1.0,1.0
2077,bm25__rule_resolved,0.0,0.2640681225725909,0.5,0.25,1.0
2079,bm25__rule_resolved,1.0,1.0,1.0,1.0,1.0
2080,bm25__rule_resolved,0.0,0.0,0.0,0.06666666666666667,1.0
2087,bm25__rule_resolved,0.0,0.18457569677956817,0.5,0.1111111111111111,1.0
2101,bm25__rule_resolved,1.0,0.6131471927654584,0.5,1.0,1.0
2102,bm25__rule_resolved,0.0,0.31546487678572877,1.0,0.125,1.0
2105,bm25__rule_resolved,0.0,0.0,0.0,0.0,0.0
2109,bm25__rule_resolved,0.0,0.0,0.0,0.02857142857142857,0.6666666666666666
2117,bm25__rule_resolved,0.0,0.6309297535714575,1.0,0.5,1.0
2119,bm25__rule_resolved,0.0,0.0,0.0,0.01098901098901099,1.0
2120,bm25__rule_resolved,0.0,0.11284514134893527,0.25,0.1,0.5
2126,bm25__rule_resolved,1.0,1.0,1.0,1.0,1.0
2136,bm25__rule_resolved,1.0,1.0,1.0,1.0,1.0
2138,bm25__rule_resolved,0.0,0.07414861528507456,0.1111111111111111,0.125,0.1111111111111111
2140,bm25__rule_resolved,0.0,0.6309297535714575,1.0,0.5,1.0
2142,bm25__rule_resolved,0.0,0.0,0.0,0.038461538461538464,1.0
2148,bm25__rule_resolved,0.0,0.0,0.0,0.022222222222222223,1.0
2153,bm25__rule_resolved,0.0,0.13565197343244778,0.3333333333333333,0.1,0.6666666666666666
2154,bm25__rule_resolved,1.0,1.0,1.0,1.0,1.0
2159,bm25__rule_resolved,1.0,0.6131471927654584,0.5,1.0,1.0
2161,bm25__rule_resolved,1.0,1.0,1.0,1.0,1.0
2171,bm25__rule_resolved,1.0,0.7928654229965442,1.0,1.0,1.0
2177,bm25__rule_resolved,1.0,0.6131471927654584,0.5,1.0,1.0
2180,bm25__rule_resolved,0.0,0.11284514134893527,0.25,0.1,0.75
2188,bm25__rule_resolved,1.0,1.0,1.0,1.0,1.0
2189,bm25__rule_resolved,0.0,0.18579376046299728,0.2857142857142857,0.2,0.7142857142857143
2204,bm25__rule_resolved,0.0,0.0,0.0,0.0625,1.0
2210,bm25__rule_resolved,0.0,0.3428467921378015,0.5,0.25,1.0
2215,bm25__rule_resolved,0.0,0.511877867738379,0.8,0.3333333333333333,1.0
2216,bm25__rule_resolved,0.0,0.0,0.0,0.0,0.0
2225,bm25__rule_resolved,1.0,0.6131471927654584,0.5,1.0,1.0
2228,bm25__rule_resolved,1.0,0.7977228895450266,1.0,1.0,1.0
2231,bm25__rule_resolved,0.0,0.29562671046282984,0.5,0.2,1.0
2233,bm25__rule_resolved,1.0,0.5422491080636984,0.5714285714285714,1.0,1.0
2234,bm25__rule_resolved,0.0,0.30281242839865,0.6666666666666666,0.16666666666666666,1.0
2250,bm25__rule_resolved,0.0,0.0,0.0,0.014925373134328358,1.0
2254,bm25__rule_resolved,0.0,0.0,0.0,0.02631578947368421,0.8
2256,bm25__rule_resolved,0.0,0.15101961822780524,0.25,0.2,1.0
2259,bm25__rule_resolved,0.0,0.3973220069685352,0.5,0.5,0.75
2260,bm25__rule_resolved,1.0,1.0,1.0,1.0,1.0
2261,bm25__rule_resolved,0.0,0.43067655807339306,1.0,0.25,1.0
2262,bm25__rule_resolved,0.0,0.3562071871080222,1.0,0.16666666666666666,1.0
2264,bm25__rule_resolved,0.0,0.3562071871080222,1.0,0.16666666666666666,1.0
2267,bm25__rule_resolved,0.0,0.3562071871080222,1.0,0.16666666666666666,1.0
2282,bm25__rule_resolved,0.0,0.6309297535714575,1.0,0.5,1.0
2308,bm25__rule_resolved,1.0,0.46927872602275644,0.3333333333333333,1.0,0.6666666666666666
2327,bm25__rule_resolved,0.0,0.2640681225725909,0.5,0.25,1.0
2329,bm25__rule_resolved,0.0,0.5437713091520254,1.0,0.3333333333333333,1.0
2409,bm25__rule_resolved,0.0,0.20112881426068296,0.2857142857142857,0.25,0.7142857142857143
2428,bm25__rule_resolved,1.0,1.0,1.0,1.0,1.0
2619,bm25__rule_resolved,0.0,0.0,0.0,0.09090909090909091,0.3333333333333333
2638,bm25__rule_resolved,0.0,0.2640681225725909,0.5,0.25,1.0
2781,bm25__rule_resolved,0.0,0.3010299956639812,1.0,0.1111111111111111,1.0
2795,bm25__rule_resolved,0.0,0.3462050307969752,0.6,0.25,1.0
2797,bm25__rule_resolved,1.0,0.7495275800817669,0.75,1.0,1.0
2798,bm25__rule_resolved,0.0,0.0,0.0,0.0,0.0
2815,bm25__rule_resolved,0.0,0.5802792108518124,1.0,0.5,1.0
2816,bm25__rule_resolved,1.0,0.9896062251871524,1.0,1.0,1.0
2827,bm25__rule_resolved,1.0,0.3903800499921017,0.25,1.0,1.0
2835,bm25__rule_resolved,1.0,0.46927872602275644,0.3333333333333333,1.0,0.6666666666666666
2842,bm25__rule_resolved,1.0,0.6131471927654584,0.5,1.0,1.0
2843,bm25__rule_resolved,0.0,0.0,0.0,0.019230769230769232,1.0
2847,bm25__rule_resolved,1.0,1.0,1.0,1.0,1.0
2851,bm25__rule_resolved,1.0,1.0,1.0,1.0,1.0
2866,bm25__rule_resolved,1.0,1.0,1.0,1.0,1.0
2870,bm25__rule_resolved,1.0,1.0,1.0,1.0,1.0
2871,bm25__rule_resolved,1.0,0.9197207891481876,1.0,1.0,1.0
2886,bm25__rule_resolved,0.0,0.0,0.0,0.043478260869565216,1.0
2897,bm25__rule_resolved,1.0,0.7957503936198023,0.7142857142857143,1.0,1.0
2898,bm25__rule_resolved,0.0,0.0,0.0,0.07142857142857142,1.0
2906,bm25__rule_resolved,1.0,0.3903800499921017,0.25,1.0,0.75
2910,bm25__rule_resolved,0.0,0.13905617951077562,0.25,0.16666666666666666,1.0
2919,bm25__rule_resolved,1.0,0.8772153153380493,1.0,1.0,1.0
2932,bm25__rule_resolved,0.0,0.2476427880871277,0.5,0.14285714285714285,1.0
2938,bm25__rule_resolved,0.0,0.0,0.0,0.05263157894736842,0.6666666666666666
2946,bm25__rule_resolved,0.0,0.430624116386567,1.0,0.2,1.0
2954,bm25__rule_resolved,0.0,0.2640681225725909,0.5,0.25,1.0
2961,bm25__rule_resolved,1.0,0.5434161146826082,0.5714285714285714,1.0,1.0
2963,bm25__rule_resolved,0.0,0.4573973988771915,0.75,0.3333333333333333,0.75
2965,bm25__rule_resolved,1.0,0.5205067333228022,0.5,1.0,1.0
2978,bm25__rule_resolved,0.0,0.19342640361727081,0.5,0.125,1.0
2987,bm25__rule_resolved,1.0,0.3833427799846345,0.2222222222222222,1.0,0.6666666666666666
2994,bm25__rule_resolved,1.0,1.0,1.0,1.0,1.0
2996,bm25__rule_resolved,1.0,0.9083745556952363,0.8571428571428571,1.0,0.8571428571428571
3005,bm25__rule_resolved,0.0,0.2640681225725909,0.5,0.25,1.0
3016,bm25__rule_resolved,1.0,0.6502315245039587,0.6666666666666666,1.0,1.0
3031,bm25__rule_resolved,1.0,1.0,1.0,1.0,1.0
3038,bm25__rule_resolved,1.0,0.5294362295028773,0.5,1.0,1.0
3042,bm25__rule_resolved,0.0,0.38685280723454163,1.0,0.2,1.0
3045,bm25__rule_resolved,1.0,0.6587390839761453,0.5555555555555556,1.0,1.0
3046,bm25__rule_resolved,0.0,0.284449351231739,0.4,0.2,1.0
3055,bm25__rule_resolved,0.0,0.5249810332008933,1.0,0.3333333333333333,1.0
3057,bm25__rule_resolved,0.0,0.0,0.0,0.023255813953488372,1.0
3060,bm25__rule_resolved,0.0,0.3156484524795145,0.4,0.3333333333333333,0.6
3065,bm25__rule_resolved,1.0,0.7685912559873825,0.8571428571428571,1.0,1.0
3071,bm25__rule_resolved,0.0,0.4911492931622974,1.0,0.3333333333333333,1.0
3075,bm25__rule_resolved,1.0,0.7949033785505174,0.8571428571428571,1.0,1.0
3084,bm25__rule_resolved,1.0,0.6886342695939197,0.75,1.0,1.0
3089,bm25__rule_resolved,1.0,0.5855700749881525,0.5,1.0,1.0
3090,bm25__rule_resolved,1.0,0.4034698846650846,0.3333333333333333,1.0,1.0
3095,bm25__rule_resolved,0.0,0.0,0.0,0.01639344262295082,1.0
3104,bm25__rule_resolved,0.0,0.0,0.0,0.0,0.0
3110,bm25__rule_resolved,1.0,0.6131471927654584,0.5,1.0,1.0
3113,bm25__rule_resolved,1.0,0.7533947601864397,0.75,1.0,1.0
3119,bm25__rule_resolved,0.0,0.18154179253735267,0.3333333333333333,0.2,1.0
3121,bm25__rule_resolved,0.0,0.0,0.0,0.021739130434782608,1.0
3122,bm25__rule_resolved,0.0,0.0,0.0,0.03125,1.0
3139,bm25__rule_resolved,0.0,0.48160565320269266,0.6,0.5,1.0
3146,bm25__rule_resolved,0.0,0.0,0.0,0.09090909090909091,0.5
3153,bm25__rule_resolved,1.0,0.3903800499921017,0.25,1.0,1.0
3158,bm25__rule_resolved,0.0,0.2960819109658652,0.3333333333333333,0.5,1.0
3161,bm25__rule_resolved,0.0,0.0,0.0,0.02631578947368421,0.5
3175,bm25__rule_resolved,0.0,0.6244470461775838,0.7777777777777778,0.5,1.0
3180,bm25__rule_resolved,0.0,0.0,0.0,0.04,0.5
3182,bm25__rule_resolved,0.0,0.20438239758848611,0.5,0.14285714285714285,1.0
3183,bm25__rule_resolved,1.0,1.0,1.0,1.0,1.0
3186,bm25__rule_resolved,0.0,0.3065735963827292,0.5,0.3333333333333333,1.0
3191,bm25__rule_resolved,0.0,0.14126697285982898,0.3333333333333333,0.1111111111111111,1.0
3193,bm25__rule_resolved,0.0,0.0,0.0,0.043478260869565216,0.6666666666666666
3201,bm25__rule_resolved,0.0,0.0,0.0,0.0,0.0
3204,bm25__rule_resolved,0.0,0.2562219363466141,0.3333333333333333,0.3333333333333333,1.0
3212,bm25__rule_resolved,0.0,0.3171937659698004,0.6666666666666666,0.2,1.0
3213,bm25__rule_resolved,1.0,1.0,1.0,1.0,1.0
3214,bm25__rule_resolved,0.0,0.18154179253735267,0.3333333333333333,0.2,1.0
3217,bm25__rule_resolved,0.0,0.42307679222470296,0.6,0.5,1.0
3223,bm25__rule_resolved,0.0,0.15130120674940675,0.16666666666666666,0.3333333333333333,0.8333333333333334
3227,bm25__rule_resolved,0.0,0.24952583878244933,0.2222222222222222,0.5,0.6666666666666666
3241,bm25__rule_resolved,1.0,0.6967728672917265,0.6666666666666666,1.0,1.0
3244,bm25__rule_resolved,0.0,0.0,0.0,0.05555555555555555,0.6666666666666666
3254,bm25__rule_resolved,0.0,0.13905617951077562,0.25,0.16666666666666666,1.0
3258,bm25__rule_resolved,0.0,0.20210734650054757,0.3333333333333333,0.25,1.0
3273,bm25__rule_resolved,1.0,0.9197207891481876,1.0,1.0,1.0
3276,bm25__rule_resolved,1.0,0.6366824387328317,0.5,1.0,1.0
3286,bm25__rule_resolved,0.0,0.21398626473452756,0.2,0.5,0.4
3296,bm25__rule_resolved,0.0,0.09803928583135704,0.2,0.1,0.6
3300,bm25__rule_resolved,1.0,1.0,1.0,1.0,1.0
3306,bm25__rule_resolved,0.0,0.1480409554829326,0.3333333333333333,0.125,1.0
3310,bm25__rule_resolved,0.0,0.0,0.0,0.02857142857142857,1.0
3315,bm25__rule_resolved,0.0,0.39545517341830644,0.5,0.5,1.0
3332,bm25__rule_resolved,0.0,0.4808659172767282,0.6,0.5,1.0
3333,bm25__rule_resolved,0.0,0.0,0.0,0.017241379310344827,1.0
3345,bm25__rule_resolved,0.0,0.0,0.0,0.02631578947368421,1.0
3358,bm25__rule_resolved,0.0,0.0,0.0,0.07142857142857142,1.0
3365,bm25__rule_resolved,1.0,0.9108532513310018,1.0,1.0,1.0
3366,bm25__rule_resolved,1.0,0.8175295903539445,1.0,1.0,1.0
3373,bm25__rule_resolved,0.0,0.23719771276929622,0.5,0.2,1.0
3376,bm25__rule_resolved,1.0,1.0,1.0,1.0,1.0
3382,bm25__rule_resolved,1.0,1.0,1.0,1.0,1.0
3390,bm25__rule_resolved,0.0,0.0,0.0,0.0625,1.0
3393,bm25__rule_resolved,1.0,1.0,1.0,1.0,1.0
3406,bm25__rule_resolved,0.0,0.0,0.0,0.09090909090909091,1.0
3415,bm25__rule_resolved,1.0,1.0,1.0,1.0,1.0
3421,bm25__rule_resolved,1.0,0.9550236580992475,1.0,1.0,1.0
3422,bm25__rule_resolved,0.0,0.5,1.0,0.3333333333333333,1.0
3423,bm25__rule_resolved,0.0,0.40344480709417424,0.6,0.3333333333333333,1.0
3424,bm25__rule_resolved,1.0,0.5801476231864473,0.5,1.0,1.0
3427,bm25__rule_resolved,0.0,0.18154179253735267,0.3333333333333333,0.2,1.0
3428,bm25__rule_resolved,1.0,1.0,1.0,1.0,1.0
3434,bm25__rule_resolved,1.0,1.0,1.0,1.0,1.0
3440,bm25__rule_resolved,0.0,0.2960819109658652,0.3333333333333333,0.5,1.0
3450,bm25__rule_resolved,0.0,0.19587129117873783,0.2222222222222222,0.3333333333333333,0.5555555555555556
3452,bm25__rule_resolved,1.0,1.0,1.0,1.0,1.0
3459,bm25__rule_resolved,1.0,0.9896062251871524,1.0,1.0,1.0
3464,bm25__rule_resolved,1.0,0.46927872602275644,0.3333333333333333,1.0,1.0
3468,bm25__rule_resolved,0.0,0.6309297535714575,1.0,0.5,1.0
3472,bm25__rule_resolved,0.0,0.24630238874073,0.25,0.5,1.0
3482,bm25__rule_resolved,0.0,0.0,0.0,0.043478260869565216,0.6666666666666666
3483,bm25__rule_resolved,0.0,0.0,0.0,0.045454545454545456,1.0
3487,bm25__rule_resolved,0.0,0.2960819109658652,0.3333333333333333,0.5,0.6666666666666666
3489,bm25__rule_resolved,0.0,0.3973220069685352,0.5,0.5,1.0
3511,bm25__rule_resolved,0.0,0.2685357229842324,0.5,0.2,1.0
3514,bm25__rule_resolved,1.0,0.8519590445170673,1.0,1.0,1.0
3532,bm25__rule_resolved,0.0,0.0,0.0,0.043478260869565216,1.0
3535,bm25__rule_resolved,0.0,0.07311683844390995,0.125,0.1,0.875
3536,bm25__rule_resolved,0.0,0.23719771276929622,0.5,0.2,1.0
3537,bm25__rule_resolved,0.0,0.0,0.0,0.012048192771084338,0.5
3539,bm25__rule_resolved,0.0,0.0,0.0,0.0,0.0
3555,bm25__rule_resolved,1.0,1.0,1.0,1.0,1.0
3558,bm25__rule_resolved,1.0,0.2350455494144854,0.1111111111111111,1.0,0.5555555555555556
3565,bm25__rule_resolved,1.0,0.46927872602275644,0.3333333333333333,1.0,0.6666666666666666
3570,bm25__rule_resolved,1.0,0.45390362024822023,0.3333333333333333,1.0,0.6666666666666666
3577,bm25__rule_resolved,0.0,0.0,0.0,0.041666666666666664,1.0
3578,bm25__rule_resolved,0.0,0.0,0.0,0.07142857142857142,1.0
3582,bm25__rule_resolved,0.0,0.0,0.0,0.01282051282051282,1.0
3589,bm25__rule_resolved,1.0,1.0,1.0,1.0,1.0
3591,bm25__rule_resolved,0.0,0.0,0.0,0.043478260869565216,1.0
3594,bm25__rule_resolved,1.0,0.7039180890341347,0.6666666666666666,1.0,1.0
3597,bm25__rule_resolved,0.0,0.2640681225725909,0.5,0.25,1.0
3598,bm25__rule_resolved,1.0,0.6364391809889587,0.6666666666666666,1.0,1.0
3600,bm25__rule_resolved,1.0,0.7653606369886217,0.6666666666666666,1.0,1.0
3607,bm25__rule_resolved,0.0,0.0,0.0,0.0,0.0
3609,bm25__rule_resolved,0.0,0.0,0.0,0.014705882352941176,1.0
3614,bm25__rule_resolved,0.0,0.0,0.0,0.0,0.0
3615,bm25__rule_resolved,0.0,0.712955302213713,0.8571428571428571,0.5,1.0
3616,bm25__rule_resolved,0.0,0.20210734650054757,0.3333333333333333,0.25,1.0
3620,bm25__rule_resolved,1.0,0.5205067333228022,0.5,1.0,1.0
3628,bm25__rule_resolved,1.0,1.0,1.0,1.0,1.0
3651,bm25__rule_resolved,0.0,0.18154179253735267,0.3333333333333333,0.2,1.0
3661,bm25__rule_resolved,0.0,0.0,0.0,0.014705882352941176,1.0
3662,bm25__rule_resolved,0.0,0.0,0.0,0.023809523809523808,1.0
3666,bm25__rule_resolved,1.0,0.6131471927654584,0.5,1.0,0.5
3679,bm25__rule_resolved,1.0,1.0,1.0,1.0,1.0
3684,bm25__rule_resolved,0.0,0.2086566256907821,0.3333333333333333,0.16666666666666666,1.0
3690,bm25__rule_resolved,0.0,0.15642624200758548,0.3333333333333333,0.14285714285714285,1.0
3694,bm25__rule_resolved,0.0,0.0,0.0,0.08333333333333333,1.0
3695,bm25__rule_resolved,1.0,0.7039180890341347,0.6666666666666666,1.0,1.0
3696,bm25__rule_resolved,0.0,0.23463936301137822,0.3333333333333333,0.3333333333333333,1.0
3708,bm25__rule_resolved,1.0,0.7039180890341347,0.6666666666666666,1.0,1.0
3710,bm25__rule_resolved,0.0,0.37590633587120725,0.6666666666666666,0.3333333333333333,1.0
3728,bm25__rule_resolved,0.0,0.0,0.0,0.06666666666666667,0.5
3731,bm25__rule_resolved,1.0,1.0,1.0,1.0,1.0
3738,bm25__rule_resolved,0.0,0.43067655807339306,1.0,0.25,1.0
3741,bm25__rule_resolved,1.0,1.0,1.0,1.0,1.0
3747,bm25__rule_resolved,0.0,0.123151194370365,0.25,0.125,1.0
3753,bm25__rule_resolved,0.0,0.0,0.0,0.0625,1.0
3761,bm25__rule_resolved,1.0,0.6366824387328317,0.5,1.0,0.5
3766,bm25__rule_resolved,1.0,1.0,1.0,1.0,1.0
3767,bm25__rule_resolved,0.0,0.19783987238813036,0.2857142857142857,0.25,0.8571428571428571
3779,bm25__rule_resolved,1.0,0.6133596113736138,0.5555555555555556,1.0,0.8888888888888888
3780,bm25__rule_resolved,0.0,0.3084274278260313,0.6666666666666666,0.16666666666666666,1.0
3787,bm25__rule_resolved,1.0,1.0,1.0,1.0,1.0
3788,bm25__rule_resolved,0.0,0.34870224750355494,0.6666666666666666,0.2,1.0
3800,bm25__rule_resolved,0.0,0.3562071871080222,1.0,0.16666666666666666,1.0
3804,bm25__rule_resolved,1.0,0.6131471927654584,0.5,1.0,0.5
3809,bm25__rule_resolved,1.0,0.6131471927654584,0.5,1.0,1.0
3817,bm25__rule_resolved,0.0,0.0,0.0,0.047619047619047616,1.0
3818,bm25__rule_resolved,1.0,0.9197207891481876,1.0,1.0,1.0
3821,bm25__rule_resolved,1.0,0.812653045383133,1.0,1.0,1.0
3825,bm25__rule_resolved,0.0,0.18457569677956817,0.5,0.1111111111111111,1.0
3826,bm25__rule_resolved,0.0,0.6309297535714575,1.0,0.5,1.0
3828,bm25__rule_resolved,1.0,0.7653606369886217,0.6666666666666666,1.0,1.0
3830,bm25__rule_resolved,0.0,0.1785641173248663,0.3333333333333333,0.1111111111111111,1.0
3843,bm25__rule_resolved,0.0,0.4525081529734507,0.6666666666666666,0.5,1.0
3861,bm25__rule_resolved,0.0,0.16716045496620227,0.3333333333333333,0.16666666666666666,1.0
3865,bm25__rule_resolved,1.0,0.9010126104210695,1.0,1.0,1.0
3884,bm25__rule_resolved,0.0,0.16812753627111746,0.25,0.25,0.5
3887,bm25__rule_resolved,1.0,0.8503449055347546,1.0,1.0,1.0
3892,bm25__rule_resolved,1.0,0.48522855511632257,0.4,1.0,1.0
3901,bm25__rule_resolved,1.0,1.0,1.0,1.0,1.0
3906,bm25__rule_resolved,0.0,0.5,1.0,0.3333333333333333,1.0
3911,bm25__rule_resolved,0.0,0.350055666043193,0.6,0.2,1.0
3915,bm25__rule_resolved,0.0,0.18457569677956817,0.5,0.1111111111111111,1.0
3917,bm25__rule_resolved,1.0,1.0,1.0,1.0,1.0
3926,bm25__rule_resolved,1.0,0.7860137352654724,0.8,1.0,1.0
3930,bm25__rule_resolved,0.0,0.0,0.0,0.019230769230769232,1.0
3934,bm25__rule_resolved,1.0,0.9453078548481746,1.0,1.0,1.0
3937,bm25__rule_resolved,0.0,0.24630238874073,0.25,0.5,1.0
3939,bm25__rule_resolved,1.0,0.4636440365082036,0.4,1.0,1.0
3942,bm25__rule_resolved,1.0,0.8377089944423255,0.875,1.0,1.0
3952,bm25__rule_resolved,1.0,0.6131471927654584,0.5,1.0,1.0
3953,bm25__rule_resolved,1.0,1.0,1.0,1.0,1.0
3964,bm25__rule_resolved,1.0,0.6131471927654584,0.5,1.0,1.0
3968,bm25__rule_resolved,0.0,0.0,0.0,0.047619047619047616,1.0
3969,bm25__rule_resolved,0.0,0.0,0.0,0.02127659574468085,1.0
3970,bm25__rule_resolved,0.0,0.38685280723454163,0.5,0.5,0.5
3976,bm25__rule_resolved,0.0,0.07839826897867533,0.1,0.16666666666666666,1.0
3977,bm25__rule_resolved,1.0,0.5676305914797375,0.5714285714285714,1.0,0.8571428571428571
3984,bm25__rule_resolved,0.0,0.0,0.0,0.05,1.0
3992,bm25__rule_resolved,0.0,0.4645571198506529,0.6666666666666666,0.3333333333333333,0.8333333333333334
3998,bm25__rule_resolved,0.0,0.0,0.0,0.07692307692307693,1.0
4010,bm25__rule_resolved,0.0,0.0,0.0,0.012345679012345678,1.0
4015,bm25__rule_resolved,0.0,0.6829656479960798,1.0,0.5,1.0
4031,bm25__rule_resolved,1.0,1.0,1.0,1.0,1.0
4032,bm25__rule_resolved,0.0,0.0,0.0,0.0,0.0
4046,bm25__rule_resolved,1.0,0.9427731067700876,1.0,1.0,1.0
4057,bm25__rule_resolved,0.0,0.1208113026994942,0.2,0.16666666666666666,0.8
4058,bm25__rule_resolved,1.0,0.8318724637288826,0.75,1.0,1.0
4059,bm25__rule_resolved,0.0,0.1208113026994942,0.2,0.16666666666666666,1.0
4069,bm25__rule_resolved,1.0,0.6295516106099184,0.6,1.0,1.0
4078,bm25__rule_resolved,1.0,1.0,1.0,1.0,1.0
4092,bm25__rule_resolved,0.0,0.0,0.0,0.023809523809523808,1.0
4100,bm25__rule_resolved,1.0,0.9197207891481876,1.0,1.0,1.0
4106,bm25__rule_resolved,0.0,0.21398626473452756,0.2,0.5,0.6
4111,bm25__rule_resolved,1.0,1.0,1.0,1.0,1.0
4123,bm25__rule_resolved,1.0,1.0,1.0,1.0,1.0
4129,bm25__rule_resolved,1.0,1.0,1.0,1.0,1.0
4137,bm25__rule_resolved,0.0,0.0,0.0,0.07142857142857142,1.0
4141,bm25__rule_resolved,1.0,0.830419897363192,0.8,1.0,1.0
4145,bm25__rule_resolved,1.0,0.7402849195166222,0.6666666666666666,1.0,1.0
4151,bm25__rule_resolved,0.0,0.23463936301137822,0.3333333333333333,0.3333333333333333,1.0
4155,bm25__rule_resolved,0.0,0.0,0.0,0.09090909090909091,1.0
4168,bm25__rule_resolved,0.0,0.09803928583135704,0.2,0.1,0.8
4170,bm25__rule_resolved,0.0,0.0,0.0,0.0625,1.0
4171,bm25__rule_resolved,1.0,1.0,1.0,1.0,1.0
4176,bm25__rule_resolved,0.0,0.5249810332008933,1.0,0.3333333333333333,1.0
4177,bm25__rule_resolved,1.0,0.7653606369886217,0.6666666666666666,1.0,1.0
4180,bm25__rule_resolved,0.0,0.0,0.0,0.0,0.0
4181,bm25__rule_resolved,0.0,0.0,0.0,0.034482758620689655,0.5
4183,bm25__rule_resolved,0.0,0.6309297535714575,1.0,0.5,1.0
4186,bm25__rule_resolved,0.0,0.18154179253735267,0.3333333333333333,0.2,0.6666666666666666
4198,bm25__rule_resolved,1.0,0.5724626779088695,0.6,1.0,0.8
4202,bm25__rule_resolved,0.0,0.21840743681816419,0.5,0.16666666666666666,1.0
4203,bm25__rule_resolved,0.0,0.3562071871080222,1.0,0.16666666666666666,1.0
4211,bm25__rule_resolved,0.0,0.0,0.0,0.07692307692307693,1.0
4216,bm25__rule_resolved,0.0,0.0,0.0,0.02564102564102564,0.42857142857142855
4217,bm25__rule_resolved,0.0,0.0,0.0,0.07692307692307693,1.0
4221,bm25__rule_resolved,1.0,0.6366824387328317,0.5,1.0,0.75
4227,bm25__rule_resolved,1.0,0.5205067333228022,0.5,1.0,1.0
4232,bm25__rule_resolved,1.0,0.6134433136321192,0.5714285714285714,1.0,1.0
4252,bm25__rule_resolved,0.0,0.20210734650054757,0.3333333333333333,0.25,1.0
4254,bm25__rule_resolved,0.0,0.0,0.0,0.027777777777777776,0.16666666666666666
4288,bm25__rule_resolved,1.0,0.5078961547485289,0.5,1.0,1.0
4292,bm25__rule_resolved,1.0,1.0,1.0,1.0,1.0
4299,bm25__rule_resolved,0.0,0.2640681225725909,0.5,0.25,1.0
4303,bm25__rule_resolved,1.0,0.43292617940918415,0.3333333333333333,1.0,1.0
4307,bm25__rule_resolved,1.0,1.0,1.0,1.0,1.0
4311,bm25__rule_resolved,0.0,0.33596209958027784,0.6,0.16666666666666666,1.0
4315,bm25__rule_resolved,0.0,0.3065735963827292,0.5,0.3333333333333333,1.0
4318,bm25__rule_resolved,1.0,0.787702056960637,0.75,1.0,1.0
4319,bm25__rule_resolved,1.0,1.0,1.0,1.0,1.0
4324,bm25__rule_resolved,1.0,0.7903864795495061,1.0,1.0,1.0
4332,bm25__rule_resolved,1.0,1.0,1.0,1.0,1.0
4344,bm25__rule_resolved,0.0,0.3191471544989227,0.5,0.25,1.0
4358,bm25__rule_resolved,1.0,1.0,1.0,1.0,1.0
4359,bm25__rule_resolved,0.0,0.0,0.0,0.06666666666666667,1.0
4362,bm25__rule_resolved,1.0,1.0,1.0,1.0,1.0
4375,bm25__rule_resolved,0.0,0.15642624200758548,0.3333333333333333,0.14285714285714285,1.0
4381,bm25__rule_resolved,0.0,0.40179981797758046,0.6666666666666666,0.3333333333333333,1.0
4387,bm25__rule_resolved,0.0,0.0,0.0,0.04,1.0
4393,bm25__rule_resolved,0.0,0.0,0.0,0.030303030303030304,1.0
4401,bm25__rule_resolved,1.0,0.6131471927654584,0.5,1.0,1.0
4405,bm25__rule_resolved,1.0,0.9558295932317544,1.0,1.0,1.0
4415,bm25__rule_resolved,0.0,0.6309297535714575,1.0,0.5,1.0
4417,bm25__rule_resolved,0.0,0.0,0.0,0.07692307692307693,1.0
4421,bm25__rule_resolved,1.0,0.7653606369886217,0.6666666666666666,1.0,1.0
4435,bm25__rule_resolved,0.0,0.33775931993299535,0.6666666666666666,0.25,1.0
4436,bm25__rule_resolved,0.0,0.3333333333333333,1.0,0.14285714285714285,1.0
4443,bm25__rule_resolved,0.0,0.3333333333333333,1.0,0.14285714285714285,1.0
4444,bm25__rule_resolved,1.0,1.0,1.0,1.0,1.0
4446,bm25__rule_resolved,1.0,0.7039180890341347,0.6666666666666666,1.0,1.0
4449,bm25__rule_resolved,1.0,0.46927872602275644,0.3333333333333333,1.0,1.0
4467,bm25__rule_resolved,1.0,0.6366824387328317,0.5,1.0,1.0
4478,bm25__rule_resolved,0.0,0.38685280723454163,0.5,0.5,1.0
4481,bm25__rule_resolved,0.0,0.0,0.0,0.05555555555555555,1.0
4485,bm25__rule_resolved,0.0,0.5912352048230277,1.0,0.5,1.0
4487,bm25__rule_resolved,0.0,0.4367467095119258,0.6666666666666666,0.3333333333333333,1.0
4489,bm25__rule_resolved,0.0,0.3333333333333333,1.0,0.14285714285714285,1.0
4500,bm25__rule_resolved,0.0,0.4766636348460924,0.75,0.5,1.0
4503,bm25__rule_resolved,1.0,0.9349366583346496,1.0,1.0,1.0
4506,bm25__rule_resolved,0.0,0.3379680345449381,0.6666666666666666,0.2,1.0
4512,bm25__rule_resolved,0.0,0.2090905274901754,0.4,0.125,0.8
4516,bm25__rule_resolved,0.0,0.23463936301137822,0.3333333333333333,0.3333333333333333,1.0
4517,bm25__rule_resolved,1.0,0.6131471927654584,0.5,1.0,0.5
4519,bm25__rule_resolved,0.0,0.1480409554829326,0.3333333333333333,0.125,1.0
4520,bm25__rule_resolved,0.0,0.18154179253735267,0.3333333333333333,0.2,1.0
4526,bm25__rule_resolved,0.0,0.11284514134893527,0.25,0.1,1.0
4536,bm25__rule_resolved,1.0,0.5413996682199069,0.5,1.0,1.0
4537,bm25__rule_resolved,0.0,0.15101961822780524,0.25,0.2,1.0
4551,bm25__rule_resolved,1.0,0.6105456988825855,0.6666666666666666,1.0,1.0
4567,bm25__rule_resolved,1.0,0.3900741276002217,0.3333333333333333,1.0,1.0
4569,bm25__rule_resolved,1.0,0.9709286432396581,1.0,1.0,1.0
4574,bm25__rule_resolved,1.0,0.830419897363192,0.8,1.0,1.0
4586,bm25__rule_resolved,0.0,0.0,0.0,0.029411764705882353,1.0
4589,bm25__rule_resolved,1.0,0.6131471927654584,0.5,1.0,1.0
4593,bm25__rule_resolved,0.0,0.252016380211836,0.4,0.2,1.0
4599,bm25__rule_resolved,0.0,0.23719771276929622,0.5,0.2,1.0
4600,bm25__rule_resolved,0.0,0.0,0.0,0.014492753623188406,1.0
4603,bm25__rule_resolved,0.0,0.0,0.0,0.045454545454545456,1.0
4605,bm25__rule_resolved,1.0,1.0,1.0,1.0,1.0
4608,bm25__rule_resolved,1.0,0.6508205185601091,0.6666666666666666,1.0,1.0
4613,bm25__rule_resolved,0.0,0.6836127878533236,1.0,0.5,1.0
4634,bm25__rule_resolved,1.0,0.6257049680303419,0.6666666666666666,1.0,1.0
4639,bm25__rule_resolved,0.0,0.27588155283047255,0.3333333333333333,0.25,1.0
4640,bm25__rule_resolved,0.0,0.0,0.0,0.011235955056179775,1.0
4647,bm25__rule_resolved,0.0,0.19526086862591915,0.3333333333333333,0.16666666666666666,1.0
4648,bm25__rule_resolved,0.0,0.3417549060159425,0.375,0.5,1.0
4650,bm25__rule_resolved,0.0,0.0,0.0,0.0,0.0
4663,bm25__rule_resolved,1.0,0.5205067333228022,0.5,1.0,1.0
4677,bm25__rule_resolved,1.0,0.6013124342022591,0.5,1.0,1.0
4678,bm25__rule_resolved,0.0,0.0,0.0,0.020833333333333332,0.2
4679,bm25__rule_resolved,1.0,0.6366824387328317,0.5,1.0,1.0
4690,bm25__rule_resolved,1.0,0.3026024134988135,0.16666666666666666,1.0,0.6666666666666666
4695,bm25__rule_resolved,0.0,0.5508095940041026,1.0,0.25,1.0
4699,bm25__rule_resolved,0.0,0.6309297535714575,1.0,0.5,1.0
4700,bm25__rule_resolved,1.0,0.3903800499921017,0.25,1.0,1.0
4701,bm25__rule_resolved,1.0,0.7664011030149637,0.7142857142857143,1.0,1.0
4712,bm25__rule_resolved,0.0,0.29039140533630226,0.4,0.3333333333333333,1.0
4713,bm25__rule_resolved,0.0,0.2960819109658652,0.3333333333333333,0.5,1.0
4731,bm25__rule_resolved,1.0,0.5531464700081437,0.4,1.0,1.0
4732,bm25__rule_resolved,1.0,1.0,1.0,1.0,1.0
4733,bm25__rule_resolved,0.0,0.0,0.0,0.043478260869565216,1.0
4745,bm25__rule_resolved,1.0,0.8175295903539445,1.0,1.0,1.0
4746,bm25__rule_resolved,1.0,0.9197207891481876,1.0,1.0,1.0
4760,bm25__rule_resolved,1.0,1.0,1.0,1.0,1.0
4779,bm25__rule_resolved,1.0,0.46927872602275644,0.3333333333333333,1.0,1.0
4788,bm25__rule_resolved,1.0,1.0,1.0,1.0,1.0
4797,bm25__rule_resolved,0.0,0.4632423659320675,0.6666666666666666,0.5,1.0
4798,bm25__rule_resolved,0.0,0.28097267762005274,0.5,0.25,1.0
4799,bm25__rule_resolved,0.0,0.6309297535714575,1.0,0.5,1.0
4805,bm25__rule_resolved,1.0,0.8687949224876582,0.8,1.0,1.0
4808,bm25__rule_resolved,0.0,0.0,0.0,0.015384615384615385,1.0
4816,bm25__rule_resolved,1.0,1.0,1.0,1.0,1.0
4824,bm25__rule_resolved,0.0,0.0,0.0,0.045454545454545456,0.75
4825,bm25__rule_resolved,0.0,0.20210734650054757,0.3333333333333333,0.25,0.6666666666666666
4836,bm25__rule_resolved,1.0,1.0,1.0,1.0,1.0
4838,bm25__rule_resolved,0.0,0.18457569677956817,0.5,0.1111111111111111,1.0
4840,bm25__rule_resolved,0.0,0.3010299956639812,1.0,0.1111111111111111,1.0
4850,bm25__rule_resolved,1.0,1.0,1.0,1.0,1.0
4852,bm25__rule_resolved,0.0,0.19342640361727081,0.5,0.125,1.0
4865,bm25__rule_resolved,1.0,0.5281225447551643,0.5,1.0,1.0
4876,bm25__rule_resolved,0.0,0.11284514134893527,0.25,0.1,0.75
4883,bm25__rule_resolved,1.0,0.6364391809889587,0.6666666666666666,1.0,1.0
4888,bm25__rule_resolved,1.0,0.6131471927654584,0.5,1.0,1.0
4889,bm25__rule_resolved,1.0,0.9060254355346823,1.0,1.0,1.0
4893,bm25__rule_resolved,1.0,0.8417771098923534,0.8333333333333334,1.0,1.0
4897,bm25__rule_resolved,1.0,1.0,1.0,1.0,1.0
4898,bm25__rule_resolved,1.0,1.0,1.0,1.0,1.0
4912,bm25__rule_resolved,0.0,0.0,0.0,0.0,0.0
4919,bm25__rule_resolved,0.0,0.2640681225725909,0.5,0.25,1.0
4921,bm25__rule_resolved,0.0,0.0,0.0,0.07692307692307693,1.0
4922,bm25__rule_resolved,1.0,1.0,1.0,1.0,1.0
4924,bm25__rule_resolved,1.0,1.0,1.0,1.0,1.0
4925,bm25__rule_resolved,0.0,0.0,0.0,0.0196078431372549,0.3333333333333333
4929,bm25__rule_resolved,0.0,0.21398626473452756,0.2,0.5,0.4
4932,bm25__rule_resolved,1.0,0.9896062251871524,1.0,1.0,1.0
4940,bm25__rule_resolved,0.0,0.2532778777010656,0.5,0.14285714285714285,1.0
4952,bm25__rule_resolved,0.0,0.0,0.0,0.08333333333333333,1.0
4960,bm25__rule_resolved,1.0,0.8207149601443599,1.0,1.0,1.0
4962,bm25__rule_resolved,0.0,0.0,0.0,0.07142857142857142,1.0
4964,bm25__rule_resolved,0.0,0.0,0.0,0.016129032258064516,1.0
4977,bm25__rule_resolved,1.0,0.8772153153380493,1.0,1.0,1.0
4979,bm25__rule_resolved,0.0,0.43067655807339306,1.0,0.25,1.0
4982,bm25__rule_resolved,1.0,0.7227265726449519,0.6,1.0,1.0
4985,bm25__rule_resolved,1.0,1.0,1.0,1.0,1.0
4986,bm25__rule_resolved,1.0,0.3391602052736161,0.2,1.0,0.8
4991,bm25__rule_resolved,1.0,1.0,1.0,1.0,1.0
4994,bm25__rule_resolved,1.0,1.0,1.0,1.0,1.0
5000,bm25__rule_resolved,0.0,0.23463936301137822,0.3333333333333333,0.3333333333333333,1.0
5003,bm25__rule_resolved,0.0,0.0,0.0,0.09090909090909091,0.6666666666666666
5007,bm25__rule_resolved,0.0,0.2303612461053624,0.5,0.1111111111111111,1.0
5009,bm25__rule_resolved,0.0,0.44149241373678083,0.5,0.5,1.0
5017,bm25__rule_resolved,0.0,0.5,1.0,0.3333333333333333,1.0
5044,bm25__rule_resolved,1.0,0.46927872602275644,0.3333333333333333,1.0,1.0
5051,bm25__rule_resolved,0.0,0.5307212739772434,0.6666666666666666,0.5,1.0
5059,bm25__rule_resolved,0.0,0.14606834984270645,0.2,0.25,1.0
5074,bm25__rule_resolved,0.0,0.44229834886928765,0.75,0.25,1.0
5084,bm25__rule_resolved,1.0,0.6131471927654584,0.5,1.0,1.0
5104,bm25__rule_resolved,1.0,1.0,1.0,1.0,1.0
5106,bm25__rule_resolved,1.0,0.6800180420982461,0.8,1.0,1.0
5108,bm25__rule_resolved,1.0,0.715696758318853,0.75,1.0,1.0
5109,bm25__rule_resolved,1.0,0.7087212693585175,0.75,1.0,1.0
5117,bm25__rule_resolved,0.0,0.3599578324401888,0.5,0.3333333333333333,1.0
5152,bm25__rule_resolved,1.0,0.7039180890341347,0.6666666666666666,1.0,1.0
5160,bm25__rule_resolved,0.0,0.31546487678572877,1.0,0.125,1.0
5170,bm25__rule_resolved,1.0,0.6131471927654584,0.5,1.0,1.0
5171,bm25__rule_resolved,0.0,0.18154179253735267,0.3333333333333333,0.2,1.0
5172,bm25__rule_resolved,0.0,0.13905617951077562,0.25,0.16666666666666666,1.0
5175,bm25__rule_resolved,0.0,0.23463936301137822,0.3333333333333333,0.3333333333333333,1.0
5176,bm25__rule_resolved,1.0,1.0,1.0,1.0,1.0
5178,bm25__rule_resolved,1.0,0.8503449055347546,1.0,1.0,1.0
5183,bm25__rule_resolved,1.0,0.9674679834891693,1.0,1.0,1.0
5189,bm25__rule_resolved,1.0,0.5842273861585909,0.5,1.0,0.8333333333333334
5195,bm25__rule_resolved,1.0,0.5546406709327603,0.42857142857142855,1.0,1.0
5210,bm25__rule_resolved,0.0,0.44149241373678083,0.5,0.5,1.0
5215,bm25__rule_resolved,0.0,0.43067655807339306,1.0,0.25,1.0
5218,bm25__rule_resolved,0.0,0.0,0.0,0.0,0.0
5220,bm25__rule_resolved,1.0,0.8772153153380493,1.0,1.0,1.0
5226,bm25__rule_resolved,1.0,1.0,1.0,1.0,1.0
5229,bm25__rule_resolved,1.0,1.0,1.0,1.0,1.0
5234,bm25__rule_resolved,0.0,0.43067655807339306,1.0,0.25,1.0
5236,bm25__rule_resolved,0.0,0.14126697285982898,0.3333333333333333,0.1111111111111111,1.0
5241,bm25__rule_resolved,0.0,0.10633668103022986,0.14285714285714285,0.2,0.42857142857142855
5245,bm25__rule_resolved,0.0,0.29127873064148246,0.5,0.25,1.0
5247,bm25__rule_resolved,0.0,0.48381288316677695,1.0,0.3333333333333333,1.0
5249,bm25__rule_resolved,0.0,0.6447841584694202,1.0,0.5,1.0
5253,bm25__rule_resolved,0.0,0.18457569677956817,0.5,0.1111111111111111,1.0
5262,bm25__rule_resolved,0.0,0.20815499636142165,0.3333333333333333,0.2,1.0
5263,bm25__rule_resolved,1.0,1.0,1.0,1.0,1.0
5269,bm25__rule_resolved,0.0,0.224322946018989,0.25,0.3333333333333333,1.0
5270,bm25__rule_resolved,0.0,0.0,0.0,0.034482758620689655,1.0
5276,bm25__rule_resolved,0.0,0.6309297535714575,1.0,0.5,1.0
5278,bm25__rule_resolved,1.0,0.7227265726449519,0.6,1.0,1.0
5283,bm25__rule_resolved,0.0,0.5259200450269615,0.5555555555555556,0.5,1.0
5284,bm25__rule_resolved,0.0,0.4042383682811874,0.5,0.3333333333333333,1.0
5286,bm25__rule_resolved,0.0,0.0,0.0,0.015873015873015872,1.0
5288,bm25__rule_resolved,0.0,0.3638184934971571,0.5,0.5,1.0
5309,bm25__rule_resolved,1.0,0.7095272044910244,0.75,1.0,1.0
5312,bm25__rule_resolved,0.0,0.43067655807339306,1.0,0.25,1.0
5327,bm25__rule_resolved,0.0,0.0,0.0,0.0136986301369863,0.5
5333,bm25__rule_resolved,1.0,0.3391602052736161,0.2,1.0,1.0
5337,bm25__rule_resolved,0.0,0.0,0.0,0.0,0.0
5344,bm25__rule_resolved,0.0,0.0,0.0,0.0,0.0
5347,bm25__rule_resolved,0.0,0.2716774977597197,0.4,0.3333333333333333,1.0
5348,bm25__rule_resolved,1.0,0.7737459235132745,1.0,1.0,1.0
5349,bm25__rule_resolved,0.0,0.5646436081071458,0.75,0.5,1.0
5352,bm25__rule_resolved,0.0,0.6309297535714575,1.0,0.5,1.0
5358,bm25__rule_resolved,1.0,0.3391602052736161,0.2,1.0,0.8
5366,bm25__rule_resolved,0.0,0.0,0.0,0.0,0.0
5367,bm25__rule_resolved,0.0,0.6934264036172708,1.0,0.5,1.0
5370,bm25__rule_resolved,0.0,0.21840743681816419,0.5,0.16666666666666666,1.0
5372,bm25__rule_resolved,1.0,0.786448942643397,0.8,1.0,1.0
5376,bm25__rule_resolved,0.0,0.43067655807339306,1.0,0.25,1.0
5380,bm25__rule_resolved,1.0,0.9066276098484507,1.0,1.0,1.0
5391,bm25__rule_resolved,0.0,0.0,0.0,0.07692307692307693,1.0
5395,bm25__rule_resolved,0.0,0.0,0.0,0.0625,1.0
5406,bm25__rule_resolved,0.0,0.28162497265977743,0.3333333333333333,0.3333333333333333,1.0
5408,bm25__rule_resolved,0.0,0.3010299956639812,1.0,0.1111111111111111,1.0
5410,bm25__rule_resolved,1.0,0.7903864795495061,1.0,1.0,1.0
5413,bm25__rule_resolved,0.0,0.2960819109658652,0.3333333333333333,0.5,1.0
5421,bm25__rule_resolved,0.0,0.6309297535714575,1.0,0.5,1.0
5437,bm25__rule_resolved,0.0,0.2960819109658652,0.3333333333333333,0.5,1.0
5438,bm25__rule_resolved,0.0,0.09803928583135704,0.2,0.1,1.0
5452,bm25__rule_resolved,0.0,0.11751610475642714,0.25,0.1111111111111111,0.75
5460,bm25__rule_resolved,0.0,0.0,0.0,0.017241379310344827,1.0
5461,bm25__rule_resolved,0.0,0.45560514958746035,1.0,0.2,1.0
5465,bm25__rule_resolved,0.0,0.0,0.0,0.041666666666666664,1.0
5482,bm25__rule_resolved,1.0,0.7039180890341347,0.6666666666666666,1.0,1.0
5491,bm25__rule_resolved,0.0,0.40871634619071356,0.5,0.5,1.0
5499,bm25__rule_resolved,0.0,0.17723928678404774,0.5,0.1,0.5
5503,bm25__rule_resolved,0.0,0.0,0.0,0.010101010101010102,0.5
5510,bm25__rule_resolved,1.0,0.8400853550530741,0.8333333333333334,1.0,1.0
5518,bm25__rule_resolved,1.0,1.0,1.0,1.0,1.0
5525,bm25__rule_resolved,0.0,0.10209739512291163,0.2,0.1111111111111111,1.0
5528,bm25__rule_resolved,0.0,0.20438239758848611,0.5,0.14285714285714285,1.0
5557,bm25__rule_resolved,1.0,1.0,1.0,1.0,1.0
5563,bm25__rule_resolved,0.0,0.0,0.0,0.02702702702702703,1.0
5567,bm25__rule_resolved,1.0,1.0,1.0,1.0,1.0
5573,bm25__rule_resolved,0.0,0.5,1.0,0.3333333333333333,1.0
5577,bm25__rule_resolved,1.0,1.0,1.0,1.0,1.0
5583,bm25__rule_resolved,0.0,0.19342640361727081,0.5,0.125,1.0
5586,bm25__rule_resolved,0.0,0.6934264036172708,1.0,0.5,1.0
5590,bm25__rule_resolved,0.0,0.3973220069685352,0.5,0.5,1.0
5595,bm25__rule_resolved,0.0,0.0,0.0,0.029411764705882353,1.0
5597,bm25__rule_resolved,0.0,0.0,0.0,0.025,1.0
5605,bm25__rule_resolved,0.0,0.3065735963827292,0.5,0.3333333333333333,0.5
5609,bm25__rule_resolved,0.0,0.4911492931622974,1.0,0.3333333333333333,1.0
5610,bm25__rule_resolved,1.0,1.0,1.0,1.0,1.0
5612,bm25__rule_resolved,0.0,0.0,0.0,0.034482758620689655,0.8
5616,bm25__rule_resolved,0.0,0.39032290287815236,0.42857142857142855,0.5,1.0
5618,bm25__rule_resolved,0.0,0.0,0.0,0.027777777777777776,0.25
5629,bm25__rule_resolved,1.0,1.0,1.0,1.0,1.0
5644,bm25__rule_resolved,1.0,1.0,1.0,1.0,1.0
5647,bm25__rule_resolved,1.0,0.43292617940918415,0.3333333333333333,1.0,0.8333333333333334
5649,bm25__rule_resolved,1.0,0.6508205185601091,0.6666666666666666,1.0,1.0
5652,bm25__rule_resolved,0.0,0.5508095940041026,1.0,0.25,1.0
5653,bm25__rule_resolved,1.0,1.0,1.0,1.0,1.0
5675,bm25__rule_resolved,0.0,0.6934264036172708,1.0,0.5,1.0
5682,bm25__rule_resolved,1.0,0.7653606369886217,0.6666666666666666,1.0,1.0
5685,bm25__rule_resolved,1.0,1.0,1.0,1.0,1.0
5686,bm25__rule_resolved,1.0,1.0,1.0,1.0,1.0
5692,bm25__rule_resolved,1.0,1.0,1.0,1.0,1.0
5706,bm25__rule_resolved,0.0,0.3295827480202853,0.6666666666666666,0.2,1.0
5707,bm25__rule_resolved,1.0,1.0,1.0,1.0,1.0
5712,bm25__rule_resolved,1.0,1.0,1.0,1.0,1.0
5713,bm25__rule_resolved,0.0,0.16812753627111746,0.25,0.25,0.25
5714,bm25__rule_resolved,1.0,1.0,1.0,1.0,1.0
5715,bm25__rule_resolved,0.0,0.21840743681816419,0.5,0.16666666666666666,1.0
5716,bm25__rule_resolved,1.0,0.8175295903539445,1.0,1.0,1.0
5717,bm25__rule_resolved,1.0,0.8175295903539445,1.0,1.0,1.0
5719,bm25__rule_resolved,0.0,0.3010299956639812,1.0,0.1111111111111111,1.0
5730,bm25__rule_resolved,1.0,0.7903864795495061,1.0,1.0,1.0
5731,bm25__rule_resolved,1.0,0.8854598815714874,1.0,1.0,1.0
5732,bm25__rule_resolved,0.0,0.42211210325557647,0.5,0.5,1.0
5734,bm25__rule_resolved,0.0,0.6309297535714575,1.0,0.5,1.0
5749,bm25__rule_resolved,0.0,0.5407914072860661,0.625,0.5,1.0
5751,bm25__rule_resolved,0.0,0.0,0.0,0.09090909090909091,1.0
5757,bm25__rule_resolved,0.0,0.31546487678572877,1.0,0.125,1.0
5769,bm25__rule_resolved,0.0,0.0,0.0,0.013333333333333334,1.0
5772,bm25__rule_resolved,1.0,1.0,1.0,1.0,1.0
5778,bm25__rule_resolved,0.0,0.13012668333070054,0.25,0.14285714285714285,0.5
5801,bm25__rule_resolved,0.0,0.36926780146674987,0.6666666666666666,0.25,1.0
5811,bm25__rule_resolved,0.0,0.2406672991267921,0.5,0.125,1.0
5817,bm25__rule_resolved,0.0,0.0,0.0,0.019230769230769232,1.0
5818,bm25__rule_resolved,0.0,0.0,0.0,0.08333333333333333,1.0
5820,bm25__rule_resolved,0.0,0.3065735963827292,0.5,0.3333333333333333,0.5
5821,bm25__rule_resolved,0.0,0.0,0.0,0.0,0.0
5826,bm25__rule_resolved,0.0,0.18154179253735267,0.3333333333333333,0.2,0.3333333333333333
5827,bm25__rule_resolved,1.0,1.0,1.0,1.0,1.0
5829,bm25__rule_resolved,0.0,0.0,0.0,0.0,0.0
5836,bm25__rule_resolved,0.0,0.0,0.0,0.0,0.0
5842,bm25__rule_resolved,1.0,0.562068903096022,0.6,1.0,1.0
5850,bm25__rule_resolved,1.0,1.0,1.0,1.0,1.0
5855,bm25__rule_resolved,1.0,0.7653606369886217,0.6666666666666666,1.0,0.6666666666666666
5856,bm25__rule_resolved,0.0,0.5,1.0,0.3333333333333333,1.0
5858,bm25__rule_resolved,0.0,0.710675276578257,1.0,0.5,1.0
5861,bm25__rule_resolved,1.0,0.8984972075197749,0.875,1.0,1.0
5870,bm25__rule_resolved,0.0,0.0,0.0,0.047619047619047616,1.0
5874,bm25__rule_resolved,0.0,0.32703966649239957,0.4,0.5,1.0
5875,bm25__rule_resolved,0.0,0.5729957773136274,0.8,0.5,1.0
5879,bm25__rule_resolved,1.0,1.0,1.0,1.0,1.0
5885,bm25__rule_resolved,0.0,0.13012668333070054,0.25,0.14285714285714285,1.0
5892,bm25__rule_resolved,0.0,0.6934264036172708,1.0,0.5,1.0
5904,bm25__rule_resolved,1.0,1.0,1.0,1.0,1.0
5912,bm25__rule_resolved,0.0,0.2640681225725909,0.5,0.25,1.0
5947,bm25__rule_resolved,1.0,0.45221360703148816,0.4,1.0,0.8
5948,bm25__rule_resolved,1.0,0.5832678409476796,0.6,1.0,0.8
5965,bm25__rule_resolved,0.0,0.38685280723454163,1.0,0.2,1.0
5971,bm25__rule_resolved,1.0,0.7653606369886217,0.6666666666666666,1.0,1.0
5973,bm25__rule_resolved,0.0,0.1208113026994942,0.2,0.16666666666666666,0.4
5976,bm25__rule_resolved,0.0,0.35914753008966527,0.5,0.5,1.0
5980,bm25__rule_resolved,1.0,0.8048099750039491,0.75,1.0,1.0
5998,bm25__rule_resolved,1.0,0.8854598815714874,1.0,1.0,1.0
6005,bm25__rule_resolved,1.0,0.9709286432396581,1.0,1.0,1.0
6021,bm25__rule_resolved,1.0,0.8313773227400804,0.8333333333333334,1.0,1.0
6033,bm25__rule_resolved,1.0,0.6131471927654584,0.5,1.0,1.0
6042,bm25__rule_resolved,0.0,0.38685280723454163,0.5,0.5,1.0
6043,bm25__rule_resolved,0.0,0.0,0.0,0.09090909090909091,1.0
6052,bm25__rule_resolved,0.0,0.0,0.0,0.022222222222222223,1.0
6063,bm25__rule_resolved,1.0,0.7039180890341347,0.6666666666666666,1.0,0.6666666666666666
6081,bm25__rule_resolved,1.0,1.0,1.0,1.0,1.0
6085,bm25__rule_resolved,0.0,0.14606834984270645,0.2,0.25,1.0
6087,bm25__rule_resolved,1.0,0.5135312443624667,0.5,1.0,1.0
6110,bm25__rule_resolved,1.0,0.787702056960637,0.75,1.0,1.0
6115,bm25__rule_resolved,1.0,0.5135312443624667,0.5,1.0,1.0
6116,bm25__rule_resolved,1.0,0.6992148198508501,0.6,1.0,1.0
6128,bm25__rule_resolved,1.0,1.0,1.0,1.0,1.0
6133,bm25__rule_resolved,1.0,0.3903800499921017,0.25,1.0,1.0
6138,bm25__rule_resolved,0.0,0.6309297535714575,1.0,0.5,1.0
