tertile,retriever_family,condition_a,condition_b,metric,alternative,paired_queries,mean_delta_b_minus_a,wilcoxon_statistic,wilcoxon_p_value,wilcoxon_bonferroni_p_value,bonferroni_family_size,cliffs_delta,bootstrap_ci_low,bootstrap_ci_high
low,bge_m3,bge_m3__keep,bge_m3__naive_strip,ndcg@10,less,331,-0.0012177049564413393,380.5,0.5576670983438963,1.0,10,-0.003358859448161298,-0.006948793059395274,0.004273711110979713
low,bge_m3,bge_m3__keep,bge_m3__rule_resolved,ndcg@10,two-sided,331,0.0030700729914773027,458.5,0.3701986726015767,1.0,10,0.004335484342056024,-0.00200924396493777,0.008754620400760419
low,bge_m3,bge_m3__keep,bge_m3__sastrawi_clitic,ndcg@10,two-sided,331,-0.001035453508538839,159.0,0.4710153544355088,1.0,10,-0.0027108186307171346,-0.005443718307452353,0.002699910206466953
low,bge_m3,bge_m3__keep,bge_m3__sentinel,ndcg@10,two-sided,331,0.004750656586554928,598.0,0.29819499227509894,1.0,10,0.006078805414335393,-0.0009622095754443536,0.010836721898514305
low,bge_m3,bge_m3__naive_strip,bge_m3__rule_resolved,ndcg@10,two-sided,331,0.004287777947918642,558.5,0.5910511282284996,1.0,10,0.00734750504285284,-0.002468219416650251,0.011669497116495321
low,bge_m3,bge_m3__naive_strip,bge_m3__sastrawi_clitic,ndcg@10,two-sided,331,0.00018225144790249992,141.5,0.5719560800335513,1.0,10,0.0003012020700796816,-0.005267265590658864,0.005457454405785506
low,bge_m3,bge_m3__naive_strip,bge_m3__sentinel,ndcg@10,two-sided,331,0.005968361542996265,329.0,0.1883206270711839,1.0,10,0.00927337282427141,0.0009241610200395148,0.011675017428062363
low,bge_m3,bge_m3__rule_resolved,bge_m3__sastrawi_clitic,ndcg@10,two-sided,331,-0.004105526500016141,658.0,0.9626128076902496,1.0,10,-0.007073684979144039,-0.011123588344150575,0.0021055016707006184
low,bge_m3,bge_m3__rule_resolved,bge_m3__sentinel,ndcg@10,greater,331,0.001680583595077624,750.0,0.6523521218621943,1.0,10,0.0017524484077363295,-0.004690171025419087,0.008307620706466021
low,bge_m3,bge_m3__sastrawi_clitic,bge_m3__sentinel,ndcg@10,two-sided,331,0.005786110095093766,569.0,0.3781426431891104,1.0,10,0.008990425425105648,-0.0006756300758158637,0.012719982917482685
low,bm25,bm25__keep,bm25__naive_strip,ndcg@10,less,331,0.0002606728388343042,7.0,0.231535507507294,1.0,10,0.0002008013800531211,-0.00013215163362511944,0.000870544351532909
low,bm25,bm25__keep,bm25__rule_resolved,ndcg@10,two-sided,331,-0.01872897948429501,804.5,2.026373161614372e-05,0.0002026373161614372,10,-0.02605854272962094,-0.028917155500414567,-0.009143123613628217
low,bm25,bm25__keep,bm25__sastrawi_clitic,ndcg@10,two-sided,331,0.0002611219334438648,0.0,0.17971249487899976,1.0,10,0.0003468387473644819,0.0,0.000731680247330651
low,bm25,bm25__keep,bm25__sentinel,ndcg@10,two-sided,331,0.0011099988368921646,291.0,0.6942168319105042,1.0,10,0.0005841494692454431,-0.002548530784705773,0.005091641512818348
low,bm25,bm25__naive_strip,bm25__rule_resolved,ndcg@10,two-sided,331,-0.018989652323129318,831.5,1.2698529355775157e-05,0.00012698529355775157,10,-0.026314108122415823,-0.02921184202213557,-0.00937419601286683
low,bm25,bm25__naive_strip,bm25__sastrawi_clitic,ndcg@10,two-sided,331,4.4909460956058477e-07,10.0,0.916511907863894,1.0,10,0.00014603736731136078,-0.0006973890512745868,0.0006483530367758341
low,bm25,bm25__naive_strip,bm25__sentinel,ndcg@10,two-sided,331,0.0008493259980578604,273.0,0.893389336271917,1.0,10,0.00041073009556320226,-0.0027146104711499425,0.004784033461928075
low,bm25,bm25__rule_resolved,bm25__sastrawi_clitic,ndcg@10,greater,331,0.018990101417738874,796.5,0.9999913941455981,1.0,10,0.026451018154270225,0.009371857555775139,0.029156266860716904
low,bm25,bm25__rule_resolved,bm25__sentinel,ndcg@10,two-sided,331,0.019838978321187174,933.0,3.286028091355088e-05,0.0003286028091355088,10,0.026688328876151184,0.009232339514133107,0.031053300475564004
low,bm25,bm25__sastrawi_clitic,bm25__sentinel,ndcg@10,two-sided,331,0.0008488769034482998,310.0,0.9347219969550314,1.0,10,0.00018254670913920098,-0.002803435971806329,0.004866153669556454
mid,bge_m3,bge_m3__keep,bge_m3__naive_strip,ndcg@10,less,269,-0.0030933982514893647,587.0,0.3129392663716313,1.0,10,-0.005209988806124846,-0.008769928437702811,0.002048455572045288
mid,bge_m3,bge_m3__keep,bge_m3__rule_resolved,ndcg@10,two-sided,269,-0.007440112133213585,1687.0,0.25947530565273524,1.0,10,-0.01633476596509169,-0.01701404745620615,0.0016676311519658092
mid,bge_m3,bge_m3__keep,bge_m3__sastrawi_clitic,ndcg@10,two-sided,269,0.0021981355011171156,112.5,0.039282565238303445,0.39282565238303446,10,0.003980044499108636,-0.0011231929538320089,0.0055349892482310795
mid,bge_m3,bge_m3__keep,bge_m3__sentinel,ndcg@10,two-sided,269,-0.004259443263377874,1475.5,0.3837188883327075,1.0,10,-0.008595790550158234,-0.011465708034120139,0.002665903992079078
mid,bge_m3,bge_m3__naive_strip,bge_m3__rule_resolved,ndcg@10,two-sided,269,-0.00434671388172422,1654.0,0.3511881038173055,1.0,10,-0.011152416356877323,-0.0141522189826452,0.0051678975361899235
mid,bge_m3,bge_m3__naive_strip,bge_m3__sastrawi_clitic,ndcg@10,two-sided,269,0.00529153375260648,246.0,0.171655282994571,1.0,10,0.009245311701054436,0.0008735781568847554,0.01054932981355091
mid,bge_m3,bge_m3__naive_strip,bge_m3__sentinel,ndcg@10,two-sided,269,-0.0011660450118885098,1161.5,0.2987642026619627,1.0,10,-0.0036621937231381546,-0.009068557875913649,0.006639797939562131
mid,bge_m3,bge_m3__rule_resolved,bge_m3__sastrawi_clitic,ndcg@10,two-sided,269,0.0096382476343307,1439.5,0.044606611801425035,0.44606611801425033,10,0.02072939843285748,0.0005360797042731088,0.019381491495254408
mid,bge_m3,bge_m3__rule_resolved,bge_m3__sentinel,ndcg@10,greater,269,0.0031806688698357097,2003.0,0.639161403028133,1.0,10,0.007462583435828693,-0.004893970754620066,0.011666800676135024
mid,bge_m3,bge_m3__sastrawi_clitic,bge_m3__sentinel,ndcg@10,two-sided,269,-0.00645757876449499,1030.0,0.036989666121574574,0.3698966612157457,10,-0.012714031038819254,-0.013597498779739809,0.00047539208672601856
mid,bm25,bm25__keep,bm25__naive_strip,ndcg@10,less,269,0.0008385920692058971,36.5,0.1575276003410495,1.0,10,0.0009811915258219207,-0.0013148859937005238,0.002938446111092409
mid,bm25,bm25__keep,bm25__rule_resolved,ndcg@10,two-sided,269,-0.00872668290319608,2798.5,0.07572415856021887,0.7572415856021887,10,-0.014607316095686903,-0.020692903525559855,0.00260941666346626
mid,bm25,bm25__keep,bm25__sastrawi_clitic,ndcg@10,two-sided,269,0.0005836991911500237,6.0,0.6858304344516057,1.0,10,0.00048368596343334116,-0.0002962401898234798,0.0018771184678869047
mid,bm25,bm25__keep,bm25__sentinel,ndcg@10,two-sided,269,-0.0033521898318760327,884.5,0.5189034936659933,1.0,10,-0.00657812910269344,-0.010203878682465266,0.0031321675808478715
mid,bm25,bm25__naive_strip,bm25__rule_resolved,ndcg@10,two-sided,269,-0.009565274972401977,2858.5,0.04333299139011491,0.43332991390114906,10,-0.015657605616285014,-0.02172893422083769,0.002037395430634604
mid,bm25,bm25__naive_strip,bm25__sastrawi_clitic,ndcg@10,two-sided,269,-0.00025489287805587334,14.0,0.3139380937749148,1.0,10,-0.00046986636447810285,-0.0018978280051604776,0.0016710504713878158
mid,bm25,bm25__naive_strip,bm25__sentinel,ndcg@10,two-sided,269,-0.00419078190108193,624.5,0.3096109681045661,1.0,10,-0.007628418623291552,-0.01058029104588862,0.0019237832397114916
mid,bm25,bm25__rule_resolved,bm25__sastrawi_clitic,ndcg@10,greater,269,0.009310382094346105,2684.5,0.9745230847107721,1.0,10,0.015118641257030722,-0.002153282278268172,0.021327850636136007
mid,bm25,bm25__rule_resolved,bm25__sentinel,ndcg@10,two-sided,269,0.005374493071320046,2894.5,0.21894317568179644,1.0,10,0.00780807340970965,-0.0069935841835689645,0.018028543894407445
mid,bm25,bm25__sastrawi_clitic,bm25__sentinel,ndcg@10,two-sided,269,-0.003935889023026057,759.5,0.4573092113951154,1.0,10,-0.007144732659858211,-0.010729458455776723,0.002486058083715053
high,bge_m3,bge_m3__keep,bge_m3__naive_strip,ndcg@10,less,360,0.0003240517635192632,4185.5,0.27213434359730115,1.0,10,0.004205246913580247,-0.004568012427672149,0.0049722983514228014
high,bge_m3,bge_m3__keep,bge_m3__rule_resolved,ndcg@10,two-sided,360,-0.002715966681455061,7837.5,0.1992095405479951,1.0,10,-0.005979938271604938,-0.008465023778609046,0.00301159206424443
high,bge_m3,bge_m3__keep,bge_m3__sastrawi_clitic,ndcg@10,two-sided,360,-0.0013608907537909485,1850.5,0.9313705182125462,1.0,10,-0.003912037037037037,-0.005412095335331764,0.00210006839443984
high,bge_m3,bge_m3__keep,bge_m3__sentinel,ndcg@10,two-sided,360,-0.0011100571299012965,8053.0,0.8954420558405336,1.0,10,-0.0015277777777777779,-0.0065519541375632035,0.004228413210552844
high,bge_m3,bge_m3__naive_strip,bge_m3__rule_resolved,ndcg@10,two-sided,360,-0.003040018444974324,9074.5,0.19252547857741253,1.0,10,-0.010285493827160494,-0.009773820612940723,0.003825486141380692
high,bge_m3,bge_m3__naive_strip,bge_m3__sastrawi_clitic,ndcg@10,two-sided,360,-0.0016849425173102116,2035.5,0.5654638964489931,1.0,10,-0.007955246913580247,-0.005595602760371478,0.0019578399695650895
high,bge_m3,bge_m3__naive_strip,bge_m3__sentinel,ndcg@10,two-sided,360,-0.0014341088934205592,7913.5,0.6482614448942974,1.0,10,-0.005069444444444444,-0.007551199333437082,0.004731468898970968
high,bge_m3,bge_m3__rule_resolved,bge_m3__sastrawi_clitic,ndcg@10,two-sided,360,0.0013550759276641127,8065.0,0.2256089871468817,1.0,10,0.0024537037037037036,-0.005027781952439198,0.007517245042873264
high,bge_m3,bge_m3__rule_resolved,bge_m3__sentinel,ndcg@10,greater,360,0.0016059095515537642,9778.5,0.7535001730874629,1.0,10,0.004722222222222222,-0.0044331208765878765,0.007561823145050684
high,bge_m3,bge_m3__sastrawi_clitic,bge_m3__sentinel,ndcg@10,two-sided,360,0.00025083362388965197,8470.5,0.9564567451023208,1.0,10,0.0027160493827160493,-0.005999958206585696,0.006481821397246765
high,bm25,bm25__keep,bm25__naive_strip,ndcg@10,less,360,0.001620309820497887,347.5,0.09673085184397429,0.9673085184397429,10,0.0031018518518518517,-0.00024144722325408508,0.0036919573172869147
high,bm25,bm25__keep,bm25__rule_resolved,ndcg@10,two-sided,360,0.00441961471359969,8255.0,0.19063844349584025,1.0,10,0.007199074074074074,-0.003955717614550028,0.012751238691870207
high,bm25,bm25__keep,bm25__sastrawi_clitic,ndcg@10,two-sided,360,0.0003647878753289354,48.5,0.8016843787266217,1.0,10,0.0004861111111111111,-0.001061208647916061,0.0019807228304396106
high,bm25,bm25__keep,bm25__sentinel,ndcg@10,two-sided,360,-0.002956907819594487,3580.0,0.192495529326556,1.0,10,-0.006489197530864198,-0.007154634009963868,0.0010879626750899445
high,bm25,bm25__naive_strip,bm25__rule_resolved,ndcg@10,two-sided,360,0.0027993048931018037,8178.0,0.48152127454263716,1.0,10,0.004290123456790124,-0.0053165798365459845,0.010841363496890404
high,bm25,bm25__naive_strip,bm25__sastrawi_clitic,ndcg@10,two-sided,360,-0.0012555219451689517,233.0,0.11616366593075039,1.0,10,-0.002600308641975309,-0.0027115703822448017,0.00014823720229785453
high,bm25,bm25__naive_strip,bm25__sentinel,ndcg@10,two-sided,360,-0.004577217640092374,3167.0,0.05763446784760744,0.5763446784760744,10,-0.009375,-0.008446936571273544,-0.0010496736690534885
high,bm25,bm25__rule_resolved,bm25__sastrawi_clitic,ndcg@10,greater,360,-0.004054826838270756,9783.0,0.11416532434103377,1.0,10,-0.006635802469135803,-0.012125102255225811,0.004137091140478941
high,bm25,bm25__rule_resolved,bm25__sentinel,ndcg@10,two-sided,360,-0.007376522533194176,8678.5,0.05862899912811312,0.5862899912811312,10,-0.013973765432098766,-0.015704990703739458,0.001070726365623278
high,bm25,bm25__sastrawi_clitic,bm25__sentinel,ndcg@10,two-sided,360,-0.003321695694923422,3397.0,0.18293937249696468,1.0,10,-0.006921296296296296,-0.00718310812458277,0.0002831998575318338
