query_id,nya_total,nya_anaphoric,entity_referenced,sensitivity_score,tertile
3,1,1,0,3,low
4,0,0,0,0,low
11,3,3,1,12,mid
17,2,2,1,9,low
19,3,3,0,9,low
21,7,7,0,21,mid
22,6,6,0,18,mid
30,1,1,0,3,low
34,2,2,1,9,low
41,4,4,0,12,mid
46,1,1,0,3,low
53,9,9,0,27,high
55,0,0,0,0,low
58,3,3,0,9,low
60,1,1,1,6,low
76,3,3,0,9,low
78,14,14,1,45,high
79,21,21,1,66,high
95,0,0,0,0,low
98,16,16,0,48,high
108,15,15,0,45,high
109,2,2,0,6,low
111,9,7,1,26,high
121,22,22,0,66,high
128,4,4,0,12,mid
131,6,6,0,18,mid
149,8,8,1,27,high
150,0,0,0,0,low
156,20,20,0,60,high
161,6,6,0,18,mid
163,8,8,1,27,high
167,6,6,1,21,mid
169,0,0,0,0,low
170,9,9,0,27,high
172,4,4,0,12,mid
176,5,5,0,15,mid
178,19,19,0,57,high
203,12,12,0,36,high
204,6,6,0,18,mid
205,11,11,1,36,high
211,6,6,1,21,mid
218,12,12,1,39,high
220,2,2,0,6,low
226,6,6,1,21,mid
229,12,12,1,39,high
237,1,1,0,3,low
254,4,4,0,12,mid
293,11,11,1,36,high
297,5,5,1,18,mid
298,30,30,0,90,high
309,15,15,1,48,high
310,0,0,0,0,low
316,12,12,0,36,high
319,16,16,1,51,high
320,8,8,0,24,high
324,4,4,1,15,mid
346,1,1,0,3,low
358,0,0,0,0,low
361,10,10,0,30,high
363,20,20,0,60,high
364,5,5,1,18,mid
367,9,9,0,27,high
369,6,6,0,18,mid
389,9,9,1,30,high
405,7,7,0,21,mid
409,4,4,1,15,mid
419,5,5,1,18,mid
423,5,5,0,15,mid
427,26,26,1,81,high
429,5,5,0,15,mid
450,5,5,1,18,mid
455,9,9,1,30,high
466,1,0,0,1,low
467,1,1,0,3,low
478,20,20,1,63,high
480,2,2,0,6,low
486,10,10,0,30,high
494,2,2,0,6,low
502,5,5,1,18,mid
506,2,2,1,9,low
521,16,16,0,48,high
539,7,7,1,24,high
555,8,8,0,24,high
558,6,6,0,18,mid
559,1,1,0,3,low
567,4,4,1,15,mid
568,9,9,1,30,high
571,1,1,1,6,low
575,4,4,1,15,mid
577,0,0,0,0,low
611,10,10,0,30,high
613,11,11,1,36,high
614,5,5,0,15,mid
622,1,1,1,6,low
628,0,0,0,0,low
633,0,0,0,0,low
640,5,5,0,15,mid
642,0,0,0,0,low
652,0,0,0,0,low
659,9,9,0,27,high
662,0,0,0,0,low
672,6,6,1,21,mid
673,6,6,0,18,mid
675,5,5,1,18,mid
676,1,1,1,6,low
679,0,0,0,0,low
694,13,13,1,42,high
698,4,4,0,12,mid
700,0,0,0,0,low
701,5,5,1,18,mid
706,4,4,1,15,mid
708,4,4,0,12,mid
709,1,1,1,6,low
712,13,13,1,42,high
713,1,1,1,6,low
721,11,11,0,33,high
724,0,0,0,0,low
730,16,16,1,51,high
731,0,0,0,0,low
734,4,4,0,12,mid
736,11,11,1,36,high
741,5,5,1,18,mid
746,8,5,0,18,mid
751,4,4,0,12,mid
758,5,4,0,13,mid
759,0,0,0,0,low
773,5,5,0,15,mid
776,5,5,0,15,mid
778,8,8,1,27,high
779,10,10,0,30,high
781,22,21,1,67,high
782,1,1,0,3,low
785,4,4,0,12,mid
789,14,14,0,42,high
808,8,8,0,24,high
816,3,3,1,12,mid
821,4,4,1,15,mid
830,2,2,1,9,low
841,7,7,0,21,mid
845,15,15,1,48,high
849,9,9,1,30,high
859,8,8,1,27,high
867,12,12,0,36,high
868,3,3,1,12,mid
869,6,6,0,18,mid
879,17,17,0,51,high
881,2,2,1,9,low
894,15,12,1,42,high
896,11,10,1,34,high
899,13,13,0,39,high
902,12,12,1,39,high
904,20,20,1,63,high
905,15,15,1,48,high
909,3,3,1,12,mid
910,5,5,0,15,mid
911,0,0,0,0,low
913,5,5,0,15,mid
919,21,21,0,63,high
935,21,21,1,66,high
946,0,0,0,0,low
955,5,5,0,15,mid
966,5,5,1,18,mid
971,6,6,1,21,mid
984,12,12,0,36,high
992,2,2,1,9,low
993,13,13,1,42,high
1002,1,1,1,6,low
1006,4,4,1,15,mid
1024,2,2,0,6,low
1031,26,26,0,78,high
1032,8,8,1,27,high
1035,9,9,0,27,high
1038,2,2,0,6,low
1041,0,0,0,0,low
1051,5,5,1,18,mid
1053,3,3,1,12,mid
1057,5,5,1,18,mid
1064,4,4,1,15,mid
1065,1,1,0,3,low
1069,5,5,1,18,mid
1076,20,20,0,60,high
1082,2,2,1,9,low
1084,8,8,0,24,high
1088,28,28,0,84,high
1091,0,0,0,0,low
1112,4,4,1,15,mid
1116,1,1,1,6,low
1117,1,1,0,3,low
1124,5,5,1,18,mid
1128,3,3,0,9,low
1130,8,8,0,24,high
1133,14,14,1,45,high
1141,25,25,1,78,high
1144,3,3,0,9,low
1145,33,33,1,102,high
1158,0,0,0,0,low
1161,20,20,0,60,high
1167,1,1,0,3,low
1168,6,6,1,21,mid
1172,0,0,0,0,low
1198,1,1,1,6,low
1202,3,3,1,12,mid
1203,3,3,1,12,mid
1204,1,1,0,3,low
1210,2,2,1,9,low
1223,12,12,1,39,high
1227,5,5,1,18,mid
1232,3,3,1,12,mid
1234,14,14,0,42,high
1236,2,2,1,9,low
1239,26,26,0,78,high
1242,13,13,0,39,high
1244,3,3,1,12,mid
1251,16,13,0,42,high
1252,2,2,1,9,low
1259,14,14,0,42,high
1265,14,14,1,45,high
1266,32,32,0,96,high
1271,16,16,1,51,high
1272,5,5,1,18,mid
1274,23,23,1,72,high
1278,9,9,0,27,high
1287,25,25,0,75,high
1294,7,7,0,21,mid
1296,33,33,1,102,high
1310,1,1,1,6,low
1322,24,24,0,72,high
1324,6,6,1,21,mid
1327,2,2,0,6,low
1328,8,8,0,24,high
1335,2,2,0,6,low
1340,21,21,1,66,high
1342,13,13,0,39,high
1352,7,7,0,21,mid
1367,3,3,0,9,low
1374,21,21,1,66,high
1380,4,4,1,15,mid
1381,10,10,1,33,high
1396,6,6,1,21,mid
1401,1,1,0,3,low
1402,0,0,0,0,low
1403,6,3,0,12,mid
1404,9,7,0,23,mid
1407,5,5,0,15,mid
1410,4,4,0,12,mid
1411,2,2,1,9,low
1412,35,35,0,105,high
1414,0,0,0,0,low
1419,1,1,1,6,low
1420,0,0,0,0,low
1443,3,3,0,9,low
1450,9,9,1,30,high
1455,7,7,1,24,high
1468,2,2,1,9,low
1472,2,2,1,9,low
1477,1,1,1,6,low
1478,11,11,1,36,high
1493,2,2,0,6,low
1496,17,17,0,51,high
1499,3,3,0,9,low
1505,1,1,0,3,low
1513,3,3,1,12,mid
1517,10,10,1,33,high
1519,5,5,0,15,mid
1534,6,6,1,21,mid
1545,10,10,0,30,high
1554,2,2,1,9,low
1559,2,2,0,6,low
1561,9,9,0,27,high
1568,18,18,1,57,high
1570,28,28,1,87,high
1571,3,3,1,12,mid
1574,9,9,1,30,high
1594,4,4,1,15,mid
1600,2,2,0,6,low
1605,10,10,1,33,high
1606,8,8,0,24,high
1607,7,7,1,24,high
1612,11,11,1,36,high
1619,1,1,1,6,low
1622,3,2,1,10,mid
1625,1,1,0,3,low
1626,5,5,1,18,mid
1633,2,2,1,9,low
1636,7,7,1,24,high
1648,9,9,0,27,high
1649,23,23,0,69,high
1661,6,6,1,21,mid
1663,8,8,0,24,high
1680,4,4,1,15,mid
1683,8,8,1,27,high
1690,13,13,0,39,high
1693,26,26,0,78,high
1697,9,9,0,27,high
1710,8,8,1,27,high
1713,26,26,0,78,high
1718,8,8,1,27,high
1719,11,11,1,36,high
1725,1,1,0,3,low
1731,3,3,0,9,low
1747,2,2,0,6,low
1750,12,12,1,39,high
1752,8,8,0,24,high
1764,4,4,0,12,mid
1765,0,0,0,0,low
1769,22,22,0,66,high
1770,5,5,0,15,mid
1771,3,3,0,9,low
1781,1,1,1,6,low
1793,2,2,1,9,low
1795,0,0,0,0,low
1806,7,7,0,21,mid
1810,2,2,0,6,low
1819,1,1,0,3,low
1835,11,11,0,33,high
1837,0,0,0,0,low
1839,7,7,0,21,mid
1846,4,4,0,12,mid
1853,6,6,1,21,mid
1854,6,6,0,18,mid
1857,5,5,0,15,mid
1858,6,6,1,21,mid
1862,9,9,1,30,high
1874,3,3,0,9,low
1905,11,11,1,36,high
1909,2,2,1,9,low
1910,19,19,1,60,high
1911,26,26,0,78,high
1912,13,13,0,39,high
1913,5,5,1,18,mid
1928,4,3,0,10,mid
1935,3,3,0,9,low
1936,7,7,0,21,mid
1952,4,4,0,12,mid
1954,2,2,0,6,low
1956,8,8,1,27,high
1966,17,17,1,54,high
1974,11,11,1,36,high
1978,9,9,1,30,high
1982,1,1,0,3,low
1984,27,27,1,84,high
1986,0,0,0,0,low
1994,6,6,0,18,mid
1998,3,3,1,12,mid
2001,17,17,0,51,high
2010,4,4,1,15,mid
2027,6,6,0,18,mid
2035,3,3,1,12,mid
2039,22,19,0,60,high
2049,13,13,0,39,high
2054,30,30,1,93,high
2059,9,9,1,30,high
2077,3,3,1,12,mid
2079,0,0,0,0,low
2080,1,1,0,3,low
2087,0,0,0,0,low
2101,1,1,1,6,low
2102,3,3,0,9,low
2105,1,1,0,3,low
2109,1,1,0,3,low
2117,1,1,0,3,low
2119,0,0,0,0,low
2120,8,8,0,24,high
2126,0,0,0,0,low
2136,1,1,1,6,low
2138,39,39,1,120,high
2140,2,2,1,9,low
2142,1,1,0,3,low
2148,2,2,0,6,low
2153,9,9,0,27,high
2154,16,16,1,51,high
2159,3,3,0,9,low
2161,0,0,0,0,low
2171,3,3,0,9,low
2177,1,1,0,3,low
2180,7,7,0,21,mid
2188,6,6,1,21,mid
2189,20,20,0,60,high
2204,5,5,0,15,mid
2210,7,7,0,21,mid
2215,8,8,1,27,high
2216,17,17,1,54,high
2225,8,8,1,27,high
2228,4,4,0,12,mid
2231,8,8,0,24,high
2233,15,15,0,45,high
2234,8,8,0,24,high
2250,1,1,0,3,low
2254,8,8,1,27,high
2256,14,14,1,45,high
2259,17,17,1,54,high
2260,3,2,1,10,mid
2261,1,1,1,6,low
2262,13,13,0,39,high
2264,0,0,0,0,low
2267,1,1,1,6,low
2282,0,0,0,0,low
2308,6,6,0,18,mid
2327,3,3,1,12,mid
2329,0,0,0,0,low
2409,17,17,1,54,high
2428,1,1,0,3,low
2619,5,5,0,15,mid
2638,1,1,0,3,low
2781,0,0,0,0,low
2795,71,71,1,216,high
2797,1,1,0,3,low
2798,4,4,1,15,mid
2815,2,2,0,6,low
2816,12,12,1,39,high
2827,21,21,1,66,high
2835,3,3,1,12,mid
2842,0,0,0,0,low
2843,3,3,0,9,low
2847,0,0,0,0,low
2851,4,4,0,12,mid
2866,1,1,0,3,low
2870,1,1,1,6,low
2871,7,7,1,24,high
2886,3,3,1,12,mid
2897,10,10,1,33,high
2898,7,7,0,21,mid
2906,14,14,0,42,high
2910,7,7,1,24,high
2919,5,5,0,15,mid
2932,16,16,0,48,high
2938,33,33,0,99,high
2946,1,1,1,6,low
2954,7,7,1,24,high
2961,13,13,0,39,high
2963,21,21,1,66,high
2965,9,9,1,30,high
2978,2,2,0,6,low
2987,17,17,0,51,high
2994,2,2,1,9,low
2996,20,20,0,60,high
3005,7,6,1,22,mid
3016,17,17,1,54,high
3031,0,0,0,0,low
3038,12,12,1,39,high
3042,0,0,0,0,low
3045,49,48,0,145,high
3046,25,25,0,75,high
3055,4,4,1,15,mid
3057,1,1,0,3,low
3060,9,9,1,30,high
3065,13,13,0,39,high
3071,3,3,0,9,low
3075,25,25,1,78,high
3084,5,5,0,15,mid
3089,12,12,1,39,high
3090,28,28,1,87,high
3095,1,1,0,3,low
3104,5,5,0,15,mid
3110,4,4,1,15,mid
3113,29,29,0,87,high
3119,4,4,1,15,mid
3121,1,1,0,3,low
3122,6,6,1,21,mid
3139,2,2,0,6,low
3146,4,4,0,12,mid
3153,11,11,1,36,high
3158,10,10,0,30,high
3161,4,4,1,15,mid
3175,26,26,0,78,high
3180,5,5,0,15,mid
3182,9,9,1,30,high
3183,3,3,1,12,mid
3186,4,4,0,12,mid
3191,4,4,1,15,mid
3193,5,5,1,18,mid
3201,0,0,0,0,low
3204,22,22,1,69,high
3212,3,3,1,12,mid
3213,2,2,0,6,low
3214,8,8,0,24,high
3217,13,13,1,42,high
3223,29,29,1,90,high
3227,35,35,1,108,high
3241,11,11,1,36,high
3244,11,11,0,33,high
3254,7,7,0,21,mid
3258,1,1,1,6,low
3273,1,1,1,6,low
3276,7,7,1,24,high
3286,16,16,0,48,high
3296,14,14,1,45,high
3300,0,0,0,0,low
3306,13,13,0,39,high
3310,9,9,1,30,high
3315,6,6,1,21,mid
3332,5,5,1,18,mid
3333,3,3,1,12,mid
3345,5,5,0,15,mid
3358,3,3,0,9,low
3365,6,6,1,21,mid
3366,8,8,1,27,high
3373,5,5,0,15,mid
3376,3,3,0,9,low
3382,2,2,1,9,low
3390,2,2,0,6,low
3393,1,1,0,3,low
3406,1,1,1,6,low
3415,6,6,0,18,mid
3421,4,4,0,12,mid
3422,4,4,0,12,mid
3423,13,13,1,42,high
3424,25,24,0,73,high
3427,3,3,0,9,low
3428,1,1,1,6,low
3434,5,5,0,15,mid
3440,4,4,1,15,mid
3450,34,34,0,102,high
3452,1,1,0,3,low
3459,26,26,0,78,high
3464,17,17,1,54,high
3468,0,0,0,0,low
3472,10,10,0,30,high
3482,6,6,1,21,mid
3483,0,0,0,0,low
3487,3,3,1,12,mid
3489,8,8,0,24,high
3511,8,8,1,27,high
3514,5,5,1,18,mid
3532,15,15,1,48,high
3535,25,25,0,75,high
3536,2,2,0,6,low
3537,0,0,0,0,low
3539,1,1,1,6,low
3555,9,9,1,30,high
3558,30,30,0,90,high
3565,6,6,1,21,mid
3570,14,14,0,42,high
3577,2,2,1,9,low
3578,5,5,1,18,mid
3582,2,2,0,6,low
3589,2,2,1,9,low
3591,8,8,1,27,high
3594,7,7,1,24,high
3597,4,4,1,15,mid
3598,8,8,1,27,high
3600,11,11,1,36,high
3607,8,8,0,24,high
3609,1,1,1,6,low
3614,2,2,0,6,low
3615,18,18,0,54,high
3616,18,18,1,57,high
3620,3,3,1,12,mid
3628,1,1,1,6,low
3651,6,6,1,21,mid
3661,0,0,0,0,low
3662,2,2,0,6,low
3666,9,9,1,30,high
3679,2,2,1,9,low
3684,10,10,1,33,high
3690,5,5,0,15,mid
3694,1,1,0,3,low
3695,3,3,1,12,mid
3696,3,3,0,9,low
3708,21,21,0,63,high
3710,7,7,1,24,high
3728,10,10,0,30,high
3731,2,2,0,6,low
3738,2,2,0,6,low
3741,4,4,0,12,mid
3747,9,9,1,30,high
3753,4,4,1,15,mid
3761,9,9,1,30,high
3766,1,1,0,3,low
3767,25,25,0,75,high
3779,16,16,0,48,high
3780,1,1,0,3,low
3787,8,8,1,27,high
3788,5,5,0,15,mid
3800,3,3,1,12,mid
3804,6,6,1,21,mid
3809,4,4,1,15,mid
3817,8,8,0,24,high
3818,1,1,0,3,low
3821,1,1,0,3,low
3825,5,5,0,15,mid
3826,0,0,0,0,low
3828,3,3,1,12,mid
3830,15,15,1,48,high
3843,8,8,1,27,high
3861,3,3,0,9,low
3865,4,4,1,15,mid
3884,19,19,0,57,high
3887,5,5,0,15,mid
3892,15,15,1,48,high
3901,0,0,0,0,low
3906,0,0,0,0,low
3911,4,4,1,15,mid
3915,2,2,1,9,low
3917,0,0,0,0,low
3926,4,4,1,15,mid
3930,1,1,0,3,low
3934,15,15,1,48,high
3937,16,16,0,48,high
3939,16,16,0,48,high
3942,14,14,0,42,high
3952,6,6,1,21,mid
3953,0,0,0,0,low
3964,1,1,0,3,low
3968,2,2,1,9,low
3969,5,5,0,15,mid
3970,4,3,1,13,mid
3976,4,4,0,12,mid
3977,12,12,1,39,high
3984,1,1,0,3,low
3992,8,8,1,27,high
3998,9,9,1,30,high
4010,1,1,0,3,low
4015,5,5,0,15,mid
4031,7,7,1,24,high
4032,4,4,0,12,mid
4046,13,13,0,39,high
4057,6,6,0,18,mid
4058,1,1,0,3,low
4059,5,5,1,18,mid
4069,19,19,0,57,high
4078,3,3,0,9,low
4092,3,3,0,9,low
4100,4,4,1,15,mid
4106,6,6,1,21,mid
4111,3,3,0,9,low
4123,0,0,0,0,low
4129,14,14,0,42,high
4137,3,3,0,9,low
4141,7,7,0,21,mid
4145,15,15,0,45,high
4151,8,8,1,27,high
4155,2,2,0,6,low
4168,13,13,0,39,high
4170,4,4,0,12,mid
4171,0,0,0,0,low
4176,2,2,0,6,low
4177,4,4,0,12,mid
4180,1,1,0,3,low
4181,9,9,0,27,high
4183,0,0,0,0,low
4186,4,4,0,12,mid
4198,5,5,1,18,mid
4202,2,2,0,6,low
4203,3,3,1,12,mid
4211,0,0,0,0,low
4216,25,25,1,78,high
4217,2,2,0,6,low
4221,7,7,1,24,high
4227,5,5,0,15,mid
4232,13,13,1,42,high
4252,3,3,1,12,mid
4254,12,12,0,36,high
4288,10,10,1,33,high
4292,2,2,0,6,low
4299,3,3,0,9,low
4303,5,5,1,18,mid
4307,0,0,0,0,low
4311,18,18,0,54,high
4315,4,4,1,15,mid
4318,3,3,1,12,mid
4319,0,0,0,0,low
4324,3,3,1,12,mid
4332,1,1,1,6,low
4344,5,5,0,15,mid
4358,4,4,0,12,mid
4359,3,3,1,12,mid
4362,4,4,0,12,mid
4375,3,3,0,9,low
4381,5,5,1,18,mid
4387,2,1,1,7,low
4393,3,3,1,12,mid
4401,6,6,1,21,mid
4405,13,13,0,39,high
4415,0,0,0,0,low
4417,8,8,1,27,high
4421,7,7,1,24,high
4435,8,8,0,24,high
4436,1,0,0,1,low
4443,2,2,1,9,low
4444,0,0,0,0,low
4446,1,1,0,3,low
4449,7,7,1,24,high
4467,6,6,0,18,mid
4478,1,1,1,6,low
4481,2,2,0,6,low
4485,8,8,1,27,high
4487,11,11,0,33,high
4489,1,1,1,6,low
4500,4,4,1,15,mid
4503,10,10,1,33,high
4506,3,3,0,9,low
4512,17,17,0,51,high
4516,3,3,1,12,mid
4517,14,14,1,45,high
4519,6,6,1,21,mid
4520,2,2,0,6,low
4526,15,15,0,45,high
4536,1,1,1,6,low
4537,15,15,1,48,high
4551,9,9,0,27,high
4567,23,23,0,69,high
4569,4,4,1,15,mid
4574,24,24,1,75,high
4586,2,2,1,9,low
4589,2,2,0,6,low
4593,8,8,1,27,high
4599,3,3,1,12,mid
4600,0,0,0,0,low
4603,1,1,0,3,low
4605,12,12,1,39,high
4608,3,3,1,12,mid
4613,7,7,0,21,mid
4634,38,38,0,114,high
4639,15,15,1,48,high
4640,1,1,1,6,low
4647,11,11,0,33,high
4648,28,28,0,84,high
4650,1,1,1,6,low
4663,11,11,0,33,high
4677,10,10,1,33,high
4678,11,11,0,33,high
4679,8,8,1,27,high
4690,12,12,1,39,high
4695,2,2,0,6,low
4699,0,0,0,0,low
4700,3,3,1,12,mid
4701,30,30,1,93,high
4712,12,12,1,39,high
4713,10,10,1,33,high
4731,20,18,0,56,high
4732,0,0,0,0,low
4733,5,5,0,15,mid
4745,4,4,1,15,mid
4746,3,3,0,9,low
4760,0,0,0,0,low
4779,9,9,1,30,high
4788,5,5,1,18,mid
4797,8,8,1,27,high
4798,5,5,1,18,mid
4799,1,1,0,3,low
4805,6,6,1,21,mid
4808,8,8,0,24,high
4816,1,1,0,3,low
4824,7,7,1,24,high
4825,11,11,0,33,high
4836,3,3,0,9,low
4838,0,0,0,0,low
4840,1,1,0,3,low
4850,4,4,1,15,mid
4852,4,4,1,15,mid
4865,18,18,0,54,high
4876,9,9,1,30,high
4883,8,8,1,27,high
4888,0,0,0,0,low
4889,2,2,0,6,low
4893,22,22,1,69,high
4897,0,0,0,0,low
4898,0,0,0,0,low
4912,0,0,0,0,low
4919,1,1,1,6,low
4921,4,4,1,15,mid
4922,13,13,1,42,high
4924,2,2,0,6,low
4925,5,5,0,15,mid
4929,3,3,1,12,mid
4932,13,13,1,42,high
4940,8,8,1,27,high
4952,5,5,1,18,mid
4960,16,16,0,48,high
4962,3,3,1,12,mid
4964,3,3,1,12,mid
4977,0,0,0,0,low
4979,7,7,0,21,mid
4982,8,8,1,27,high
4985,1,1,1,6,low
4986,5,5,0,15,mid
4991,3,3,0,9,low
4994,0,0,0,0,low
5000,1,1,0,3,low
5003,2,2,1,9,low
5007,4,4,0,12,mid
5009,12,12,0,36,high
5017,3,3,1,12,mid
5044,1,1,0,3,low
5051,6,6,1,21,mid
5059,22,22,0,66,high
5074,6,6,0,18,mid
5084,4,4,0,12,mid
5104,0,0,0,0,low
5106,18,18,0,54,high
5108,7,7,1,24,high
5109,4,4,1,15,mid
5117,18,18,0,54,high
5152,2,2,1,9,low
5160,0,0,0,0,low
5170,2,2,0,6,low
5171,14,14,0,42,high
5172,1,1,0,3,low
5175,10,10,1,33,high
5176,3,2,0,7,low
5178,5,5,0,15,mid
5183,5,5,1,18,mid
5189,3,3,1,12,mid
5195,8,8,0,24,high
5210,5,5,1,18,mid
5215,1,1,0,3,low
5218,3,3,0,9,low
5220,6,6,0,18,mid
5226,0,0,0,0,low
5229,1,1,0,3,low
5234,2,2,1,9,low
5236,10,10,1,33,high
5241,15,15,1,48,high
5245,11,11,1,36,high
5247,6,6,1,21,mid
5249,8,8,1,27,high
5253,4,4,1,15,mid
5262,1,1,1,6,low
5263,0,0,0,0,low
5269,27,27,0,81,high
5270,0,0,0,0,low
5276,3,3,1,12,mid
5278,12,12,1,39,high
5283,7,7,0,21,mid
5284,12,12,0,36,high
5286,1,1,0,3,low
5288,14,14,0,42,high
5309,4,4,0,12,mid
5312,2,2,0,6,low
5327,9,9,1,30,high
5333,7,7,0,21,mid
5337,4,4,0,12,mid
5344,3,3,0,9,low
5347,8,8,0,24,high
5348,2,2,0,6,low
5349,14,14,0,42,high
5352,0,0,0,0,low
5358,14,14,0,42,high
5366,3,3,0,9,low
5367,12,12,1,39,high
5370,1,1,1,6,low
5372,15,15,0,45,high
5376,0,0,0,0,low
5380,0,0,0,0,low
5391,9,9,1,30,high
5395,4,4,0,12,mid
5406,12,12,1,39,high
5408,3,3,0,9,low
5410,4,4,0,12,mid
5413,1,1,0,3,low
5421,0,0,0,0,low
5437,1,1,0,3,low
5438,5,5,0,15,mid
5452,25,25,0,75,high
5460,6,6,0,18,mid
5461,2,2,0,6,low
5465,1,1,0,3,low
5482,10,10,1,33,high
5491,33,33,1,102,high
5499,1,1,1,6,low
5503,2,2,1,9,low
5510,15,15,1,48,high
5518,0,0,0,0,low
5525,17,17,0,51,high
5528,5,5,1,18,mid
5557,1,1,1,6,low
5563,1,1,1,6,low
5567,3,2,0,7,low
5573,1,1,1,6,low
5577,1,1,0,3,low
5583,3,3,0,9,low
5586,9,9,1,30,high
5590,4,4,1,15,mid
5595,4,4,0,12,mid
5597,5,5,0,15,mid
5605,3,3,0,9,low
5609,2,2,0,6,low
5610,4,4,0,12,mid
5612,8,8,0,24,high
5616,28,28,0,84,high
5618,12,12,1,39,high
5629,0,0,0,0,low
5644,4,4,0,12,mid
5647,12,12,0,36,high
5649,7,7,1,24,high
5652,4,4,1,15,mid
5653,5,5,0,15,mid
5675,2,2,1,9,low
5682,3,3,0,9,low
5685,0,0,0,0,low
5686,13,13,1,42,high
5692,2,2,1,9,low
5706,6,6,1,21,mid
5707,1,1,0,3,low
5712,0,0,0,0,low
5713,18,18,1,57,high
5714,3,3,1,12,mid
5715,0,0,0,0,low
5716,3,3,1,12,mid
5717,3,3,0,9,low
5719,0,0,0,0,low
5730,2,2,1,9,low
5731,6,6,0,18,mid
5732,26,25,0,76,high
5734,1,1,1,6,low
5749,23,23,0,69,high
5751,1,1,0,3,low
5757,0,0,0,0,low
5769,4,4,0,12,mid
5772,1,1,1,6,low
5778,11,10,0,31,high
5801,7,7,1,24,high
5811,14,14,0,42,high
5817,1,1,0,3,low
5818,9,9,1,30,high
5820,3,3,1,12,mid
5821,0,0,0,0,low
5826,4,4,0,12,mid
5827,2,2,0,6,low
5829,7,7,1,24,high
5836,19,19,0,57,high
5842,12,12,1,39,high
5850,0,0,0,0,low
5855,4,4,0,12,mid
5856,2,2,0,6,low
5858,7,7,1,24,high
5861,18,18,0,54,high
5870,0,0,0,0,low
5874,9,9,1,30,high
5875,6,6,0,18,mid
5879,0,0,0,0,low
5885,8,8,0,24,high
5892,1,0,0,1,low
5904,3,3,1,12,mid
5912,1,1,1,6,low
5947,12,12,1,39,high
5948,11,11,1,36,high
5965,0,0,0,0,low
5971,12,10,0,32,high
5973,16,16,0,48,high
5976,11,11,0,33,high
5980,5,5,1,18,mid
5998,12,12,1,39,high
6005,5,5,0,15,mid
6021,12,12,0,36,high
6033,10,10,1,33,high
6042,2,2,1,9,low
6043,11,11,0,33,high
6052,4,4,1,15,mid
6063,2,1,1,7,low
6081,1,1,0,3,low
6085,8,8,1,27,high
6087,6,6,0,18,mid
6110,9,9,1,30,high
6115,0,0,0,0,low
6116,13,13,1,42,high
6128,7,7,1,24,high
6133,10,10,1,33,high
6138,1,1,0,3,low
